,English, Odia
Controversy,ବିବାଦୀୟ ବ୍ୟକ୍ତିତ୍ବ 
Coaching,ତାଲିମଦାତା
Records,ବିଶ୍ଵ ରେକର୍ଡ 
Personal life,ବ୍ୟକ୍ତିଗତ ଜୀବନ 
Bishan Singh Bedi,ବିଶନ ସିଂ ବେଦି
Sources,ଆଧାର 
External links,ବାହ୍ୟ ଆଧାର 
Cast,ମୁଖ୍ୟ ଅଭିନୟ 
Music,ସଙ୍ଗୀତ 
Teesri Kasam,ତିସରି କସମ 
Awards,ପୁରସ୍କାର ସମୂହ 
References,ଆଧାର 
Further reading,ଆହୁରି ପଠନ 
Recipients,ପୁରସ୍କୃତ ବ୍ୟକ୍ତି ଙ୍କ ସାରଣୀ 
Awards and nominations,ପୁରସ୍କାର ସମୂହ ଓ ମନୋନୀତ 
Audiobooks,ଶ୍ରବଣ ପୁସ୍ତକ ସମୂହ 
Biographies,ଆତ୍ମଜୀବନୀ ସମୂହ 
Notes,ନୋଟ ସମୂହ 
Early life,ସଂକ୍ଷିପ୍ତ ଜୀବନୀ 
Direction,ନିର୍ଦେଶକ ଭାବେ ଗୁଲଜାର 
Poetry,କବିତାବଳୀ 
Ravi Shastri in 2015,2015 ରେ ରବି ଶାସ୍ତ୍ରୀ 
Filmography,ଫିଲ୍ମୋଗ୍ରାଫୀ 
As director,ନିର୍ଦେଶକ ଭାବେ 
As actor,ଅଭିନେତା ଭାବେ 
Philanthropy,ଦାତବ୍ୟତା 
Early and personal life,ବ୍ୟକ୍ତିଗତ ଜୀବନ 
Career,ଫିଲ୍ମ ଅଭିନୟ ଜୀବନ 
Singing career,ଗାୟକ ହିସାବ ରେ ନାନା 
Movie direction,ଫିଲ୍ମ ନିର୍ଦେଶନା 
Awards and recognition,ପୁରସ୍କାର ଓ ସମ୍ମାନ 
Architecture,ବାସ୍ତୁକଳା
Festivals,ପର୍ବ-ପର୍ବାଣୀ
See also,ଅଧିକ ଦେଖନ୍ତୁ
List of temples in Bhubaneswar,ଭୁବନେଶ୍ୱରରେ ଥିବା ମନ୍ଦିର ତାଲିକା
Gallery,ଗ୍ୟାଲେରୀ
Yameshwar Temple,ଯମେଶ୍ୱର ମନ୍ଦିର
Early career,କ୍ରିକେଟ ଜୀବନୀ 
International cricket,ଅନ୍ତର୍ଜାତିକ କ୍ରିକେଟ ରେ ମୋରେ
1990 and after,କ୍ରିକେଟ ପାଇଁ ଅନ୍ୟ ଅବଦାନ 
The story,ସୁଦାମା ଙ୍କ କାହାଣୀ 
Adaptations,ଅଧିଗୃହିତ ବିଷୟବସ୍ତୁ 
Biography,ସଂକ୍ଷିପ୍ତ ଜୀବନୀ 
Captaincy and overseas wins,ଅଧିନାୟକତ୍ଵ ଓ ବିଦେଶ ରେ ବିଜୟ
Post retirement,ଅବସର ପରେ ଅବଦାନ 
Career statistics,ପରିସଙ୍ଖ୍ୟାନ
Test centuries,ଟେଷ୍ଟ ଶତକ 
,ପୁରସ୍କାର ସମୂହ ଆଉ ସମ୍ମାନ 
Characteristics,ବର୍ଣନା
Yama holding a danda,ଦଣ୍ଡ ଧରିଛନ୍ତି ଯମ
Point targets,ପଏଣ୍ଟ ଟାର୍ଗେଟ
Surgical strike,ସର୍ଜିକାଲ ଆକ୍ରମଣ
Documentaries,ବୃତ୍ତଚିତ୍ର
Publications,ପ୍ରକାଶନ
E. aureum with larger leaves,ମନି ପ୍ଲାଣ୍ଟ ପତ୍ର
Epipremnum aureum,ମନି ପ୍ଲାଣ୍ଟ
Books,ବହି
Fragrance of Peace (2010),ଫ୍ରାଗ୍ରାନ୍ସ ଅଫ ପିସ (୨୦୧୦)
V. P. Singh,ବିଶ୍ୱନାଥ ପ୍ରତାପ ସିଂହ
Early life and education,ପ୍ରାରମ୍ଭିକ ଜୀବନ ଓ ଶିକ୍ଷା
Political career,ରାଜନୈତିକ ଜୀବନ
H. D. Deve Gowda,ଏଚ.ଡି. ଦେବଗୌଡ଼ା
Playing career,ଖେଳ ଜୀବନ 
Coaching career,ମାଦନଲାଲ ଙ୍କ କୋଚିଙ୍ଗ ଅବଦାନ 
Acting career,ଅଭିନେତା ଭାବେ ମଦନଲାଲ
Theatre journey,ମଞ୍ଚାଭିନୟ 
Movie career,ଫିଲ୍ମ ଅଭିନୟ ଜୀବନ 
Palekar in 2016,2016 ରେ ଅମୋଲ ପାଲେକର 
Published works,ପ୍ରକାଶିତ କାମ
"Tiger dance at Pilikula,India",ଭାରତ ର ପାଳିକୁଲା ଠାରେ ବାଘ ନାଚ ର ଦୃଶ୍ୟ 
India,ଭାରତ ରେ ବାଘନାଚ 
Nepal,ନେପାଲ 
Japan,ଜାପାନ 
Karma Naach,କରମା ନୃତ୍ୟ
Salient features,ଲେଖା ର ସାର କଥା 
Life,ଜୀବନୀ
Later life,ପରବର୍ତ୍ତୀ ଜୀବନ
Durgawati Devi,ଦୁର୍ଗାବତୀ ଦେବୀ
Karlapat Wildlife Sanctuary,"କର୍ଳାପାତ୍ ଅଭୟାରଣ୍ୟ , କଳାହାଣ୍ଡି"
Geography,ଭୌଗୋଳିକ ସ୍ଥିତି 
Location,ଅବସ୍ଥିତି 
Places of interest,ଦର୍ଶନୀୟ ସ୍ଥାନ ସବୁ 
Koili Ghoghar,କୋଇଲି ଘୁଘର
Karsan Ghavri,କର୍ସନ  ଘାବ୍ରି
Other services,ଅନ୍ୟ ଅବଦାନ 
Olympic gold quest,ଅଲିମ୍ପିକ ସ୍ବରନା ପାଇଁ ଉଦ୍ୟମ 
Prakash Padukone,ପ୍ରକାଶ ପାଦୁକୋନ 
History,ଇତିହାସ 
Railway Organization,ରେଳ ଅନୁଷ୍ଠାନ 
Doubling,ଲାଇନ ଦୋହରିକରଣ
Electrification,ବିଦ୍ୟୁତିକରଣ  
Amenities,ଉପଲବ୍ଧ ସୁବିଧା 
Passenger movement,ଯାତ୍ରୀ ଗମନାଗମନ 
Awards and honors,ପୁରସ୍କାର ଓ ସମ୍ମାନ 
Arjuna Award – 1999,ଅର୍ଜୁନ ପୁରସ୍କାର -୧୯୯୯
TEST cricket,ଟେଷ୍ଟ କ୍ରିକେଟ ପରିସଖ୍ୟାନ
Player of The Match honors,ଫ୍ଲାୟାର ଅଫ ଦି ମେଚ ପୁରସ୍କାର 
Cricket career,କ୍ରିକେଟ ଜୀବନ 
Test Matches,ଟେଷ୍ଟ ମେଚ ପ୍ରଦର୍ଶନ 
10 Wickets in a Match:,ମେଚ ରେ ୧୦ ୱିକେଟ :
ODI Matches,ଏକଦିବସୀୟ ମେଚ ପ୍ରଦର୍ଶନ 
TV career,ଟିଭି ଅଭିନୟ 
Bollywood films,ହିନ୍ଦୀ ଫିଲ୍ମ ସମୂହ 
TV series,ଟିଭି ସିରିୟାଲ ସମୂହ 
Robbery,ଚୋରୀ କାହାଣୀ
Arrests,ଗିରଫଦାରୀ
Kakori trial, କାକୋରୀ କାଣ୍ଡର ବିଚାରଣ
Final verdict,ଶେଷ ଶୁଣାଣି
Paras Mhambrey,"ପାରସ ମାହମ୍ବ୍ରେ, କ୍ରିକେଟର "
Obituaries,ଦେହାନ୍ତ ଉପରେ
Selected publications,ନିର୍ବାଚିତ ରଚନା
Other sources,ବାହାର ଲିଙ୍କ
Background,ପୃଷ୍ଠଭୂମୀ
Bangladesh Liberation War,ବଙ୍ଗଳାଦେଶ ମୁକ୍ତିଯୁଦ୍ଧ
Legend,କିମ୍ବଦନ୍ତୀ
Reception,ଲୋକମତ 
Critical response,ସମାଲୋଚନାତ୍ମକ ଦୃଷ୍ଟିକୋଣ 
Accolades,ସମ୍ମାନ ଓ ପୁରସ୍କାର 
Film festival screenings,ଅନ୍ତର୍ଜାତିକ ଫିଲ୍ମ ମହୋତଶବ ରେ ରାବଣ 
Character Map,ଚରିତ୍ରାଭିନୟ ଓ ପୌରାଣିକ ରବଣ କଥା ର ପ୍ରତିପକ୍ଷ ଚରିତ୍ର ସବୁ 
Raavanan,ରାବଣ ଫିଲ୍ମ 
Etymology,ବ୍ୟୁପତ୍ତି ତତ୍ଵ 
Abduction of Draupadi,ଦ୍ରୌପଦୀ ହରଣ 
The first boon from Shiva,ଭଗବାନ ଶିବ ଙ୍କ ପ୍ରଥମ ଆଶୀର୍ବାଦ 
In the Kurukshetra war,କୁରୁଷେତ୍ର ଯୁଦ୍ଧ ରେ 
Arjuna's revenge,ଅର୍ଜୁନ ଙ୍କ ପ୍ରତିଶୋଧ 
Aftermath,ପରବର୍ତୀ ଘଟଣା 
Notes and references,ଟିପ୍ପଣୀ ଓ ଆଧାର 
Going to Hastinapur,ହସ୍ତିନାପୁର ଗମନ 
Avatar of Lord Shiva,ଶିବ ଙ୍କ ଅବତାର 
Role in the Kurukshetra war,କୁରୁକ୍ଷେତ୍ର ଯୁଦ୍ଧ ରେ ଅଂଶଗ୍ରହଣ 
Siding with the Kauravas,କୌରବ ଙ୍କ ପକ୍ଷ ରେ ଦ୍ରୋଣ ଓ ଅଶ୍ଵଷ୍ଠମା  
Death of Drona,ଦ୍ରୋଣ ଙ୍କ ମୃତ୍ୟୁ 
Narayanastra,ନାରାୟଣାସ୍ତ୍ର 
Ashwatthama,ଅଶ୍ଵଷ୍ଠମା
Aftermath of the Attack,ଆକ୍ରମଣ ପରବର୍ତୀ ଘଟଣା 
Construction,ନିର୍ମାଣ 
Usage,ବ୍ୟବହାର 
Playing style,ବାଦନ ଶୈଳୀ 
Variants,ପ୍ରକାରଭେଦ 
Madal Drums Tabla Mridangam,ମାଦଳ ଡ୍ରାମ ତବଲା  ମୃଦଙ୍ଗମ
Course,ଗତିପଥ 
Tributaries,ଶାଖାନଦୀ 
Hundru Falls,ହୁନ୍ଦୁରୁ ଜଳପ୍ରପାତ
Flood,ବନ୍ୟା 
Completed Chandil Dam,ଚାନ୍ଦିଳ ନଦୀବନ୍ଧ 
Kirtania port,କୀର୍ତନିଆ ବନ୍ଦର 
Film,ସୁବରଣରେଖା ଉପରେ ଫିଲ୍ମ 
Remake,ପୁନର୍ନିର୍ମିତ 
Khamoshi,ଖାମୋଶି
Murder,ଶୟଦ ମୋଦୀ ଙ୍କ ହତ୍ୟା 
Memorial tournament,ସ୍ମାରକୀ 
Movie,ଚଳଚିତ୍ର 
Taxonomy,ବର୍ଗାକରଣ
L. chinensis flowers,ଲିଚୁ ଫୁଲ 
Cultivation and uses,ଲିଚୁ ଚାଷ ଓ ବ୍ୟବହାର 
The Mauritius cultivar,ମରିସସ ରେ ଲିଚୁ ବଗିଚା 
China-3 lychee fruit,ଚୀନ ର ଲିଚୁ 
Appearance in other versions,ଭିନ୍ନ ବର୍ଣନା ଅନୁସାରେ ମନ୍ଥରା 
Laddus packed for a wedding,ବିବାହ ଉତ୍ଶବ ପାଇଁ ପ୍ରସ୍ତୁତ ଲଡୁ 
Laddus,ବୁନ୍ଦି ଲଡୁ 
Composition,ପ୍ରସ୍ତୁତି ବିଧି 
Boondi laddu,ବୁନ୍ଦି ଲଡୁ 
Besan laddu,ବେସନ ଲଡୁ 
Coconut laddoo,ନଡିଆ ଲଡୁ 
Malai laddu,ମଲାଇ ଲଡୁ 
Use,ବ୍ୟବହାର 
Cultural references,ସଂସୃତି ସହ ଲଡୁ ର ସଂଯୋଗ 
Facility,ସୁବିଧା ସୁଯୋଗ ଓ ଆଧୂନିକୀକରଣ 
About the college,ଗଙ୍ଗାଧର ମେହେର କଲେଜ ବାବଦ ରେ 
Admissions,ଏଡମିସନ
Demography,ଆବାଦି
Education,ଶିକ୍ଷ୍ୟା ବ୍ୟବସ୍ଥା 
Anchal College Padampur,"ଅଞ୍ଚଲ କଲେଜ , ପଦ୍ମପୁର "
Politics,ରାଜନୀତି 
Culture,ସଂସ୍କୃତି 
Miscellaneous,ଦର୍ଶନୀୟ ପର୍ଯ୍ୟଟକ ସ୍ଥଳୀ 
Nearby Spiritual Centres:,"ପଦ୍ମପୁର ନିକଟ ରେ ନୃଶିଙ୍ଘନାଥ(୩୫ କିଲୋମିଟର ), ହରିଶଙ୍କର( ୪୫ କିଲୋମିଟର ), ପାଟରା ବନ୍ଧ( ୮୫ କିଲୋମିଟର) କିଙ୍କାରି ବନ୍ଧ(୭୮ କିଲୋମିଟର) ଦେବଦରାହ ( ୨୫ କିଲୋମିଟର )ଆଦି ପ୍ରକୃତିକ ସୌନ୍ଦଜ୍ୟ ଭାରା ପର୍ଯ୍ୟଟନ ସ୍ଥଳୀ ସବୁ ରହିଛି ।  "
Padmapur,ପଦ୍ମପୁର ( ରାଜବୋଡ଼ାସମ୍ବର) 
Death,ମୃତ୍ୟୁ 
Mythology,ପୌରଣିକ ତଥ୍ୟ 
Bio-diversity,ଜ୍ୟେବ  ବିବିଧତା 
Katyayini,"କାତ୍ୟାୟିନୀ,ନବଦୁର୍ଗା ଙ୍କ ଏକ ଅବତାର "
Worship,ଆରାଧନା 
Temples,ମୁଖ୍ୟ ମନ୍ଦିର 
Port development,ବନ୍ଦର ଉନ୍ନୟନ 
Rules,ନିୟମ ସବୁ 
Mohan Choti,"ମୋହନ ଚୋଟି, ହାସ୍ୟାଭିନେତା"
Plot,କାହାଣୀ ର ସାରାଂଶ 
Sunil Dutt as Gopi/ Gopinath,'ଗୋପୀ' ଭୂମିକା ରେ ସୁନୀଲ ଦତ୍ତ 
Nutan as Radha/Radha Devi,'ରାଧା' ଭୂମିକିଆ ରେ ନୂତନ
Jamuna as Gowri,'ଗୌଡ଼ିୟ ' ଭୂମିକା ରେ ଯମୁନା 
Pran as Radha's uncle,'ରାଧା ଙ୍କ ମାମୁଁ' ଭୂମିକା ରେ ପ୍ରାଣ
Soundtrack,ଗୀତ ଓ ସଂଗୀତ 
Final,ଫାଇନାଲ 
Participating countries,ଅଂଶଗ୍ରହଣକାରୀ ଦେଶ ସମୂହ 
Venue,ପ୍ରାଙ୍ଗଣ 
Marketing,॰ବ୍ୟବସାୟିକରଣ 
Emblem,ସଂକେତ ଚିତ୍ର 
Broadcasting,ପ୍ରସାରଣ 
Television,ଟେଲିଭିଜନ  ଏହି ପ୍ରତୋଗୀତା କୁ ବିଶ୍ୱବ୍ୟାପି ଲୋକ ମାନେ ଦେଖିପାରିବାର ବ୍ୟବସ୍ଥା କରାଯାଇଛି । ପୃଥିବୀ ର ବିଭିନ୍ନ ଅଞ୍ଚଳ ପାଇଁ ବିଭିନ୍ନ କ୍ରିଡା ଚାନେଲ ଜରିଆ ରେ ଏହାର ଖେଳ ସବୁ ର ଜୀବନ୍ତ ପ୍ରସାରଣ କରାଯାଉଛି । 
Schedule,ଖେଳସୁଚି
Group stage,ଗ୍ରୁପ ସ୍ତର 
Pool points system:,ପଏଣ୍ଟନିୟମ 
Bowling records,ବୋଲିଂ ରେକର୍ଡ 
Most wickets,ସର୍ବାଧିକ ୱିକେଟ 
Anil Kumble – 619 wickets,ଅନିଲ କୁମ୍ବଲେ - ୬୧୯ ୱିକେଟ 
Best career economy rate,ଜୀବନରେ ଶ୍ରେଷ୍ଠ ବୋଲିଂ ହାର ( Economy) 
Bapu Nadkarni – 1.63,ବାପୁ ନାଦକର୍ଣୀ - ୧.୬୩
Best career strike rate,ଜୀବନ ରେ ଶ୍ରେଷ୍ଠ ୱିକେଟ ନେବା ହାର 
Ravichandran Ashwin – 49.4,ରବିଚନ୍ଦ୍ର ଅଶ୍ଵିନ - ୪୯.୪ 
ODI records,ଏକଦିବସୀୟ ଅନ୍ତର୍ଜାତିକ ରେକର୍ଡ ସବୁ 
Overall,ସାମଗ୍ରିକ 
Test records,ଟେଷ୍ଟ ରେକର୍ଡ ସବୁ 
Team records,ଦଳଗତ ରେକର୍ଡ 
Highest match aggregate runs,ମେଚ ରେ ସର୍ବାଧିକ  ରନ 
Lowest match aggregate runs,ମେଚ ରେ ସର୍ବନିମ୍ନ ରନ 
Largest Victories,ସର୍ବବୃହତ ବିଜୟ
Smallest Victories,କ୍ଷ୍ଯୁଦ୍ରତମ ବିଜୟ
Individual records,ବ୍ୟକ୍ତିଗତ ରେକର୍ଡ 
Most Runs in an inning (Test),ସର୍ବାଧିକ ରଣ ( ଟେଷ୍ଟ)
Virender Sehwag – 319,ବିରେନ୍ଦ୍ର ସହବାଗ -୩୧୯
Most matches as captain,ଅଧିନାଯକ ଭାବେ ସର୍ବାଧିକ ମେଚ 
Most Mathches,ସର୍ବାଧିକ ମେଚ 
Batting records,ବେଟିଙ୍ଗ ରେକର୍ଡସବୁ 
Most career runs,ସର୍ବାଧିକ ରନ 
Highest score,ସର୍ବାଧିକ ବ୍ୟକ୍ତିଗତ  ସ୍କୋର 
Best debut score,ସର୍ବୋତ୍ତମ ପଦାର୍ପଣ ସ୍କୋର 
Partnership records,ଭାଗୀଦାରୀ ରେକର୍ଡ ସବୁ 
Highest partnerships by runs,"ସର୍ବବୃହତ ଭାଗୀଦାରୀ , ରଣ ହିସାବ ରେ "
The touring Indian team,୧୯୩୨ ମସିହା ରେ ଗୋଟିଏ ଅଣ ଅନୁଷ୍ଠାନିକ  ଟେଷ୍ଟ ଖେଳିବାକୁ ଯାଇଥିବା ଭାରତୀୟ କ୍ରିକେଟ ଦଳ 
Only Test match,ଏକମାତ୍ର ଟେଷ୍ଟ 
Annual reviews,ବାର୍ଷିକ ବିବରଣୀ 
Group D,ଗ୍ରୁପ  D
Group E,ଗ୍ରୁପ  E
Super 8s,ସୁପର ୮ ସ୍ତର 
Group F,ଗ୍ରୁପ  F
Semi-finals,ସେମିଫାଇନାଲ 
Records and statistics,ରେକର୍ଡ ଓ ପରିସଙ୍ଖ୍ୟନ
Rules and regulations,ନୀତି ନିୟମ ସବୁ 
ICC World T20 2007 BAN vs RSA,୨୦୦୭ ରେ ବାଂଲାଦେଶ ଓ ଦକ୍ଷିଣ ଆଫ୍ରିକା ଖେଳ 
Qualification,ଯୋଗ୍ୟତା 
Squads,ଦଳଗୁଡିକ 
Group Stages,ଗ୍ରୁପ ସ୍ତର 
Group A,ଗ୍ରୁପ A 
Group B,ଗ୍ରୁପ B 
Group C,ଗ୍ରୁପ C
Super Eight stage,ସୁପର୮ ସ୍ତର  
Group 1,ଗ୍ରୁପ  1
Group 2,ଗ୍ରୁପ  2
Statistics,ପରିସଙ୍ଖ୍ୟାଁନ 
2012 ICC World Twenty20,2012 ICC T20 ବିଶ୍ଵ କପ
Fixtures and results,ଖେଳ ସୂଚୀ ଓ ଫଳାଫଳ 
Warm-up matches,ପ୍ରସ୍ତୁତି ମେଚ 
Venues,ପ୍ରାଙ୍ଗଣ ସବୁ 
Umpires,ଆମ୍ପୟର
Quarter-finals,କ୍ଵାଟର ଫାଇନାଲ 
Controversies,ବିବାଦୀୟ ପରିସ୍ଥିତି 
References and notes,ଆଧାର 
Format,ଫର୍ମାଟ 
List of qualified teams,ଅଂଶ ଗ୍ରହଣ କାରୀ ଦଳ ର ସୂଚୀ 
Preparations,ପ୍ରସ୍ତୁତି 
Pakistan loses co-host status,ପାକିସ୍ତାନ ର ସହ ଆୟୋଜକ ହେବାର ଯୋଗ୍ୟତା ରଦ୍ଦ 
Song,ଗାନ 
Mascot,ମାସ୍କଟ
Opening ceremony,ଉଦଘାଟନ ସମାରୋହ
Prize money,ପୁରସ୍କାର ରାଶି 
Bangladesh,ବାଂଲାଦେଶୀ ସମୋସା 
Pakistan,ପାକିସ୍ଥାନୀ ସମୋସା 
Maldives,ମାଲଦ୍ଵୀପ ସମୋସା 
Central Asia,କେନ୍ଦ୍ର ଏସିଆ ସମୋସା 
Uyghur-style samsas (samosas),ବିଘୁର ପ୍ରକାର ସମୋସା 
Southeast Asia,ଦକ୍ଷିଣ ପୂର୍ବ ଏସିଆ ସମୋସା 
Burma,ବର୍ମା ସମୋସା 
Horn of Africa,ଆଫ୍ରିକୀୟ ସମୋସା 
Indonesia,ଇନ୍ଦୋନେଶିୟା ସମୋସା 
Israel,ଇସ୍ରାଏଲ ର ସମୋସା 
Portuguese-speaking regions,ପର୍ତୁଗୀଜ ଅଞ୍ଚଳ ର ସମୋସା 
Goan chamuças,ଗୋଆ ର ଛାମୁକାଶ 
English-speaking regions,ପୂର୍ବ ଇଂରେଜ ଉପନିବେଶୀୟ ଦେଶ ରେ ସମୋସା 
Name variation,ନାମ ପ୍ରକାରଭେଦ 
Vegetable Samosa,ଭେଜିଟେବୁଲ ସମୋସା 
Regional varieties,ଅଞ୍ଚଳିକ ବିବିଧତା 
South Asia,ଦକ୍ଷିଣ ଏସିଆ 
Songs,ସଂଗୀତ
Contents,ଅଧ୍ୟେୟ ସମୂହ 
Translations,ଅନୁବାଦ ସାମୁହ 
Route,ଗତିପଥ 
Incidents,ବିଶେଷ ଘଟଣା 
ISPAT EXPRESS,ଇସ୍ପାତ ଏକ୍ସପ୍ରେସ 
Important halts,ମୁଖ୍ୟ ରହଣି 
Stoppings,ମୁଖ୍ୟ ରହଣି 
Slip Route,ବିଚ୍ଛିନ୍ନ ଗତିପଥ 
Map gallery,ମାନଚିତ୍ର ସମୂହ 
Etmology,ବ୍ୟୁପତ୍ତି 
Routes,ଗତିପଥ ଗୁଡିକ 
19027 Vivek Express,୧୯୦୨୭ ବିବେକ ଏକ୍ସପ୍ରେସ ଟ୍ରେନ 
List of Vivek Express Trains,ବିବେକ ଏକ୍ସପ୍ରେସ ଟ୍ରେନ ର ତାଲିକା 
Okha - Tuticorin Vivek Express,ଓଖା - ତୁତିକୋରିନ ବିବେକ ଏକ୍ସପ୍ରେସ 
Future plans,ଭବିଷ୍ୟତ ଯୋଜନା 
Route and frequency,ଯାତ୍ରାପଥ
Coach Composite,କୋଚ 
External Links,ବାହ୍ୟ ସଂଯୋଗ 
Jammu Tawi railway station,ଜାମୁ ତୱି ରେଳ ଷ୍ଟେସନ
Administration,ଅବସ୍ଥିତି 
Services,ସେବାସମୂହ 
Kanniyakumari railway station,କନ୍ୟାକୁମାରୀ ରେଳ ଷ୍ଟେସନ
History and etymology,ଇତିହାସ ଓ ବ୍ୟୁପତ୍ତି 
Arrival and departure,ସମୟ ସାରଣୀ 
Route and halts,ଯାତ୍ରାପଥ ଓ ରହଣି 
Future prospects,ଭବିଷ୍ୟତ ସମ୍ଭାବନା 
Jhelum Express Route map,ଝେଲମ ଏକ୍ସପ୍ରେସ ର ଯାତ୍ରାପଥ ର ମାନଚିତ୍ର 
Number and nomenclature,ସଂଖ୍ୟା ଓ ଯାତ୍ରା ସାରଣୀ 
Coach composite,ବଗି ବିବରଣୀ 
Railway reorganisation,ରେଳବାଇ ପୁନଃ ସଂଗଠନ 
Khurda Balangir rail link,ଖୋର୍ଦ୍ଧା ବଲାଙ୍ଗିର ରେଳ ଲିଙ୍କ 
Important Halts,ବିଶିଷ୍ଟ ରହଣିସ୍ଥଳ 
Timings,ସମୟ ସାରଣୀ 
Overview,ବିବରଣୀ 
Detail of logo and livery,.ରାଜଧାନୀ ଏକ୍ସପ୍ରେସ ବଗି 
Rolling stock,ରୋଲିଙ୍ଗ ଷ୍ଟକ ବଗି 
Rajadhani Express,ରାଜଧାନୀ ଏକ୍ସପ୍ରେସ ଟ୍ରେନ ସମୂହ ( ଶ୍ରୀଲଙ୍କା )
Features,ସବିଶେଷ ତଥ୍ୟ
Rengali irrigation project,ଜଳସେଚନ 
Environmental impact,ପରିବେଶ ଉପରେ ପ୍ରଭାବ 
Chicken fries from Burger King,ବର୍ଗର କିଙ୍ଗ ପ୍ରସ୍ତୁତ ଚିକେନ ଫ୍ରାଇ 
Conception,ମୂଳ ଲକ୍ଷ୍ୟ 
Burj Khalifa,"ବୁର୍ଜ ଖଲିଫା, ଦୁବାଇ "
History of height increases,ଉତ୍ଛ ନିର୍ମାଣ ସବୁ ର ଇତିହାସ 
Performance,କାର୍ଯ୍ୟ ପ୍ରଦର୍ଶନ 
Board of Directors,ନିର୍ଦେଶକ ମଣ୍ଡଳୀ 
Ib river near Jharsuguda,ଝାରସୁଗୁଡା ନିକଟ ରେ ଇବ ନଦୀ 
Tela River,"ତେଲ ନଦୀ, ହଣ୍ଡୁରାସ "
Hostels and student facilities,ହଷ୍ଟେଲ ଓ ଅନନ୍ୟ ସୁବିଧା 
Library,ଲାଇବ୍ରେରୀ 
Student facilities,ହଷ୍ଟେଲ ଓ ଅନ୍ୟ ସୁବିଧା 
Other student facilities:,କଲେଜ ପରିସର ଭିତରେ ଛତ୍ର ଛାତ୍ରୀ ମାନଙ୍କ ପାଇଁ ପର୍ଯ୍ୟାପ୍ତ ସୁବିଧା ର ବ୍ୟବସ୍ଥା ରହିଛି 
Department,ବିଭାଗ ସବୁ 
Hostel,ହଷ୍ଟେଲ 
Sikh Massacre of 1984,୧୯୮୪ ଶିଖ ଦଙ୍ଗା
Assassination,ହତ୍ୟା 
Family,ପରିବାର 
Jharsuguda–Vizianagaram line,ଝାରସୁଗୁଡା - ବିଜୟନଗରମ୍ ରେଳପଥ
Included tools,ଅନ୍ତର୍ଭୁକ୍ତ ବିଶିଷ୍ଟ ଉପକରଣ ସବୁ 
Google Play Game Services,ଗୁଗୁଲ ପ୍ଲେ ଖେଳ ସେବା 
Google+,ଗୁଗୁଲ +
Maps,ଗୁଗୁଲ ମେପ 
Drive,ଗୁଗୁଲ ଡ୍ରାଇଭ
Ads,ବିଜ୍ଞାପନ 
Wallet,ୱାଲେଟ
Version history,ଇତିହାସ 
Adoption,ଆଧୂନିକୀକରଣ 
Capacity,ଉତ୍ପାଦନ କ୍ଷ୍ୟମତା
Financials and management,ଆର୍ଥିକ ସ୍ଥିତି ଓ ପରିଚାଳନା  
Expansion projects,ସଂପ୍ରସାରଣ ପ୍ରକଳ୍ପ ସବୁ 
Demographics,ଜନ ଆବାଦୀ 
Universities and colleges,ବିଶ୍ୱବିଦ୍ୟାଳୟ ଓ କଲେଜ ସମୂହ 
School,ସ୍କୁଲ ସମୂହ 
Sports,ଖେଳ କୁଦ ଶିକ୍ଷ୍ୟାନୁଷ୍ଠାନ ସବୁ 
Religion,ଧର୍ମ 
Facilities,ଉପଲବ୍ଧ ସୁବିଧା ସବୁ 
Communication,ଯୋଗାଯୋଗ 
Economy,ଆର୍ଥିକ ସ୍ଥିତି 
Talcher Autonomous College,ତାଳଚେର ସ୍ଵଯାଂଶାସିତ କଲେଜ
Admission,ପ୍ରବେଶ 
Establishment of the dynasty,ନନ୍ଦା ରାଜବଂଶ ର ସ୍ଥାପନା 
Military,ସାମରିକ ଶକ୍ତି 
Wealth,ନନ୍ଦ ଙ୍କ ସମ୍ପଦ ଓ କାର୍ଜ୍ୟାବଳି 
In literature,ସାହିତ୍ୟ ରେ ନନ୍ଦ 
Nanda Empire,ନନ୍ଦ ସାମ୍ଭ୍ରାଜ୍ୟ
Description,ବର୍ଣନା
Decorative features,ସାଜସଜ୍ୟା 
Uttaresvara Siva Temple,"ଭୁବନେଶ୍ବର ର ଉତ୍ତରେଶ୍ଵର ଶିବ ମନ୍ଦିର ପ୍ରାଙ୍ଗଣ ରେ ଆଠ ଟି  ସମତୁଲ ଆକୃତି ବିଶିଷ୍ଟ  ମନ୍ଦିର ରହିଛି ଯାହା କୁ ଅସ୍ତଶମ୍ଭୁ ମନ୍ଦିର କୁହାଯାଏ। ଏହି ସବୁ ମନ୍ଦିର ଶମ୍ଭୁ ବା ଶିବ ଙ୍କ ଆରାଧନା ପାଇଁ ଉଦ୍ଧିଷ୍ଟ । ଏହି ଆଠ ଟି ମନ୍ଦିର ମଧ୍ୟ ରୁ ପାଞ୍ଚ ଟି ଏକ ଧାଡି ରେ ଥାଏ ଏବଂ ତାକୁ ପଞ୍ଚୁ ପାଣ୍ଡବ କୁହା ଯାଏ । ଏହି ମନ୍ଦିର ସବୁ ବେସରକାରୀ ମାଲିକାନା ରେ ରତ୍ନାକର ଗର୍ବବଟୁ ଓ ତାଙ୍କ ଙ୍କ ପରିବାର ଙ୍କ ରକ୍ଷଣ  ରେ ରହିଛି ।  ମନ୍ଦିର ର ପୂର୍ବ ଦିଗରେ ବିନ୍ଦୁସାଗର ପୁଷ୍କରିଣୀ , ପଶ୍ଚିମ ରେ ଉତ୍ତରେଶ୍ଵର ଶିବ ମନ୍ଦିର ରହିଛି । ପୂର୍ବ ଦିଗ କୁ ସାମ୍ନା କରି ମନ୍ଦିର ର ମୁଖ ରହିଛି ।   ନିର୍ମାଣ କାଳ  ନିର୍ମାଣ ଶୈଳୀ ରୁ ଏହା ୧୦ମ ଶତାବ୍ଦୀ ରେ ନିର୍ମିତ ହେଇଥିବାର ଜଣାପଡେ । ପ୍ରସ୍ତର ନିର୍ମିତ ଏହି ମନ୍ଦିର ରେଖା ଦେଉଳ ନାମରେ ପରିଚିତ । "
Astasambhu Siva Temples,ଅଷ୍ଟଶମ୍ଭୁ ଶିବ ମନ୍ଦିର ସମୂହ 
Tradition and legends,କିମ୍ବଦନ୍ତୀ 
Ownership,ମାଲିକାନା 
Architectural features,ସ୍ଥପତ୍ୟ 
Reference notes,ଆଧାର ନୋଟ 
Bharati Matha Temple,"ଭାରତୀ ମଠ ମନ୍ଦିର, ଭୁବନେଶ୍ବର"
Names,ପୂର୍ବ ନାମ 
Past Name Bhairangesvara,ଏହି ମନ୍ଦିର କୁ ପୂର୍ବରୁ ଭାଇରଙ୍ଗେଶ୍ଵର ବୋଲି କୁହାଯାଉଥିଲା । 
Significance,ତାପ୍ତର୍ଜ୍ୟପୂର୍ଣ ବିଷୟାବଳି 
i) Historic significance: —,i) ଇତିହାସିକ ତାପ୍ତର୍ଜ୍ୟ : —
Physical description,ମନ୍ଦିର ର ବର୍ଣନା 
The Temple,ମନ୍ଦିର 
Byamokesvara Temple,"ବ୍ୟୋମକେଶ୍ଵର ମନ୍ଦିର , ଭୁବନେଶ୍ବର"
List,ସମ୍ବଲପୁରୀ ଭାଷା  ରେ ନିର୍ମିତ ଫିଲ୍ମ ମାନଙ୍କର ତାଲିକା 
Route length in states:[3],ଭିନ୍ନ ରାଜ୍ୟ ରେ ଏହାର ଦୈର୍ଘ୍ୟ :[3]
List of National Highways,ଜାତୀୟ ରାଜପଥ ସମୂହ ର ତାଲିକା 
Current system,ବର୍ତମାନ ପ୍ରଣାଳୀ 
Recent developments,ନୂତନ ଉନ୍ନୟନ ସବୁ 
Indian road network,ଭାରତୀୟ ରାସ୍ତା ର ଜାଲତନ୍ତ୍ର ( network) 
Current status,ବର୍ତମାନ ସ୍ଥିତି 
NHAI - Current status,NHAI - ର ବର୍ତମାନ ସ୍ଥିତି 
Length in each state,ପ୍ରତ୍ୟେକ ରାଜ୍ୟ ରେ ଦୈର୍ଘ୍ୟ 
History and costs,ଇତିହାସ ଓ ପ୍ରକଳ୍ପ ଖର୍ଚ 
Economic benefits,ଅର୍ଥନୈତିକ ଉପଲଭ୍ଧି
Frigates,ଫ୍ରିଗେଟ ଶ୍ରେଣୀ ର ଜାହାଜ 
Corvette,କରବେଟ ଶ୍ରେଣୀ ଜାହାଜ 
Minesweepers,ମାଇନ ସଫା କରା ଜାହାଜ 
Fast Attack Craft,କ୍ଷିପ୍ର ଆକ୍ରମଣ କରି ଜାହାଜ 
Current ships,ବର୍ତମାନ ର ଜାହାଜ ସବୁ 
Historical ships,ଏଇତିହାସିକ ଜାହାଜ ସବୁ 
Aircraft carriers,ଉଡାଜାହାଜବାହୀ ଜାହାଜ 
Submarines,ବୁଡାଜହାଜ ସମୂହ 
Cruisers,ଯୁଦ୍ଧ ଜାହାଜ ( କୃଇଜର )
Destroyers,ଡେଷ୍ଟ୍ରୟର ଜାହାଜ 
"WAP5 made at CLW, Chittaranjan",WAP5 ଶ୍ରେଣୀ ର ଏକ ରେଳ ଇଞ୍ଜିନ ଚିତ୍ତରଞ୍ଜନ ରେଳ ଇଞ୍ଜିନ କାରଖାନାରେ ନିର୍ମିତ 
CLW 60years painting on WAP7,WAP 7 ଶ୍ରେଣୀ ର ଏକ ରେଳ ଇଞ୍ଜିନ 
Products,ଉତ୍ପାଦ ସବୁ 
Locomotives,ଇଞ୍ଜିନ ସମୂହ 
Traction Motors,ଟ୍ରାକସନ  ମୋଟର 
Chittaranjan Locomotive Works,ଚିତ୍ତରଞ୍ଜନ ରେଳ ଇଞ୍ଜିନ କାରଖାନା
Mission,ମିଶନ
Academics,ପାଠ୍ୟକ୍ରମ 
Annapurna,ଅନ୍ନପୂର୍ଣା 
Cadet Dormitories,କାଡେଟ ରହଣିସ୍ଥଳ 
Odisha,ଓଡିଶା 
Daringbadi Koraput Phulabani,ଦରିଙ୍ଗିବାଡି କୋରାପୁଟ ଫୁଲବାଣୀ
Andhra Pradesh,ଆନ୍ଧ୍ର ପ୍ରଦେଶ 
List of hill stations in India,ଭାରତ ରେ ଶୈଳ ନିବାସ   ସ୍ଥଳ ସବୁ ର ତାଲିକା ( Hill Stations) 
Mini Switzerland,ମିନି ସ୍ଵିଜରର୍ଲାଣ୍ଡ
Accommodation,ରହଣି ସୁବିଧା 
Khajjiar during August,ଅଗଷ୍ଟ ମାସ ରେ ଖଜ୍ଜିଆର ର ଦୃଶ୍ୟ 
Travel,ଯାତାୟାତ 
Grasslands of Khajjiar,ଖଜ୍ଜିଆର ର ତୃଣଭୂମି 
Trekking,ଟ୍ରେକିଙ୍ଗ 
Khajjiar,"ଖଜ୍ଜିଆର, ହିମାଚଳପ୍ରଦେଶ "
Iraq,ଇରାକ 
Malaysia,ମାଲେସିଆ 
Punjab,ପଞ୍ଜାବ 
Sindh,ସିନ୍ଧ 
Balochistan,ବେଲୁଚିସ୍ଥାନ 
Philippines,ଫିଲିପାଇନ 
Sri Lanka,ଶ୍ରୀଲଙ୍କା 
Syria,ସିରିୟା
Europe,ଇଉରୋପ 
Cyprus,ସାଇପ୍ରସ 
Vietnam,ଭିଏତନାମ 
Oceania,ଅକାନିଆ 
Australia,ଅଷ୍ଟ୍ରେଲିଆ 
Africa,ଆଫ୍ରିକା 
Madagascar,ମଦଗାସକାର 
Morocco,ମରକୋ 
Nigeria,ନାଇଜେରିଆ 
Asia,ଏସିଆ 
Cambodia,କମ୍ବୋଡିଆ 
China,ଚୀନ 
Hong Kong,ହଙ୍ଗ କଙ୍ଗ 
Khonsa,"ଖୋନସା ,ଅରୁଣାଚଲ ପ୍ରଦେଶ "
Flora,ପୁଷ୍ପ 
Fauna,ଜୀବଜଗତ 
Mammals,ସରୀସୃପ ଜାତୀୟ ଜୀବ 
Namdapha National Park,"ନାମଦଫା ଜାତୀୟ ପାର୍କ , ଅରୁଣାଚଳ ପ୍ରଦେଶ "
Birds,ପକ୍ଷୀ 
Butterflies and moths,ପ୍ରଜାପତି ଓ ମଥ
Ethnography,ଜନପ୍ରଜାତି 
Transport,ଯାତାୟାତ ବ୍ୟବସ୍ଥା 
Lambasingi,ଲାମ୍ମାଶିଙ୍ଗୀ ଶୈଳ ନିବାସ
Ancestor worship at Kotagiri,ପୂର୍ବ ପୁରୁଷ ଆରାଧନା ସ୍ଥଳୀ 
Kotagiri,"କୋଟାଗିରି, ନିଳଗିରି"
Climate,ପାଗ 
Media,ମିଡିଆ 
Champhai,ଚମ୍ଫାଈ
"Nohkalikai Falls, 1854",ନୋହକାଲିକାଇ ଜଳପ୍ରପାତ ୧୮୫୪ ରେ 
Nohkalikai Falls,ନୋହକାଲିକାଇ ଜଳପ୍ରପାତ
Flora and fauna,ବଣ ଜଙ୍ଗଲ ଓ ପଶୁ ପକ୍ଷୀ 
Educational Institutions,ଶିକ୍ଷ୍ୟାନୁଷ୍ଠାନ 
T20I captains,T20I ଅଧିନାୟକଗଣ 
Footnotes,ଫୁଟନୋଟ
Key,ସଂକ୍ଷିପ୍ତ ଚିହ୍ନ 
Players,ଖେଳାଳି ସମୂହ 
Indian Premier League,ଆଇପିଏଲ ରେ ବାଲାଜୀ 
Railways Reorganization,ରେଳ ବ୍ୟବସ୍ଥା ର ପୁନର୍ଗଠନ 
Nearby stations,ନିକଟସ୍ଥ  ଷ୍ଟେସନ ସବୁ 
New Bhubaneswar,ନିଉ ଭୁବନେଶ୍ବର ଷ୍ଟେସନ 
Bhubaneswar railway station,ଭୁବନେଶ୍ବର ରେଳ ଷ୍ଟେସନ
Why is Chandikhole Famous?,ପ୍ରଶିଧ୍ହୀ 
List of Swaminarayan temples,ସ୍ଵାମନାରାୟଣ ମନ୍ଦିର ସମୂହ
Expansion,ବିସ୍ତାରିକରଣ 
Airlines and destinations,ଉଡାଜାହାଜ ସବୁ ଓ ଗନ୍ତବ୍ୟପଥ 
Nuagaon Airport,"ନୂଆଗାଁ ଏୟାରପୋର୍ଟ,ବଲାଙ୍ଗିର "
Morni Hill Fort,ମୋରଣୀ ହିଲ ଦୁର୍ଗ 
Tikkar Taal,ଟିକକର ତାଳ 
Morni,ମୋରଣୀ
Triund,ତ୍ରିଉଣ୍ଡ 
Snowline,ସ୍ନୋ ଲାଇନ 
Narkanda town today.,ବର୍ତମାନ ର ନରକନ୍ଦା ସହର .
The retreat,ଶୈଳ ନିବାସ 
Mashobra,ମାଶୋବ୍ରା
Tourism,ଟୁରିଜମ 
Tea plantations in Munnar,ମୁନ୍ନାର ଠାରେ ଚା ଚାଷ 
Other coalfields,ଅନ୍ୟ କୋଇଲାଖଣି ସମୂହ 
Places of Interest,ଦର୍ଶନୀୟ ସ୍ଥାନ ସବୁ 
Layout,ଅବସ୍ଥିତି 
Overa-Aru Biosphere Reserve,ଓଭେରା-ଆରୁ ସଂରକ୍ଷିତ ଜୈବମଣ୍ଡଳ 
"Aru, Jammu and Kashmir","ଆରୁ, ଜାମ୍ମୁ ଓ କାଶ୍ମୀର "
Patnitop bypass road tunnel,ପଟନୀଟପ୍ ପତନିତପ ବାଇପାସ ଟନେଲ ରାସ୍ତା 
About Virajpet Tourism,ପର୍ଯ୍ୟଟନ 
Places of worship,ତୀର୍ଥ ସ୍ଥଳ 
Getting there,ଯାତାୟାତ 
Sight-seeing,ଦର୍ଶନୀୟ ସ୍ଥାନ ସବୁ 
Valley view from sunset point.,ସନସେଟ ପୋଏଣ୍ଟ ର ଦୃଶ୍ୟ 
Gira falls,ଗିରା ପ୍ରପାତ 
Travel information,ଯାତାୟାତ ସୁବିଧା 
Pictures,ଗେଲେରୀ 
Saputara,ସପୁତରା 
Landmarks of Kasauli,ମୁଖ୍ୟ ସ୍ଥାନ ସବୁ 
Baptist Church,ବାପତିଷ୍ଟ ଚର୍ଚ 
Christ Church,ଖ୍ରୀଷ୍ଟ ଚର୍ଚ 
"Christ Church, Kasauli","ଖ୍ରୀଷ୍ଟ ଚର୍ଚ , କସୌଲି "
Gurudwara Shri Guru Nanak Ji,ଗୁରୁଦ୍ୱାରା 
Kasauli,କସୌଲି
Attractions,ଆକର୍ଷଣ ସବୁ 
Valley in Budgam district,ବୁଡଗାମ ଜିଲ୍ଲା ର ଉପତ୍ୟକା 
Ambanad Hills,ଆମ୍ବନାଦ ହିଲ
Towns,ସହର ସବୁ 
Distribution,ବିସ୍ତାର 
Lifespan,ଜୀବନ କାଳ 
Relationship with humans,ମଣିଷ ସହ ସମ୍ପର୍କ 
Greater flamingo,ବୃହତ୍ ଫ୍ଲେମିଙ୍ଗୋ
Table,ସାରଣୀ 
Parihar,ପରିହାର
Post or POST may refer to:,ନିମ୍ମ ବର୍ଣିତ ବିଷୟ ବସ୍ତୁ ନା କର୍ମ ସବୁକୁ ପୋଷ୍ଟ (Post) ଆଖ୍ୟା ଦିଆ  ଯାଇପାରେ । 
Mail,ଡାକ 
Newspapers and magazines,ସଂବାଦପତ୍ର ଓ ମାଗାଜିନ 
Organizations and companies,ସଂଗଠନ ଓ କମ୍ପାନୀ ସମୂହ 
Places,ସ୍ଥାନ ସମୂହ 
Technology,କାରିଗରୀ 
Other,ଅନ୍ୟସବୁ 
Current classification,ବର୍ତମାନ ର ଶ୍ରେଣୀବିଭାଗ 
Historical Classification,ଏଇତିହାସିକ ଶ୍ରେଣୀବିଭାଗ
Urban areas,ସହରାଞ୍ଚଳ ସମୂହ 
Map,ମେପ 
Bowling style,ବୋଲିଂ ଷ୍ଟାଇଲ
List of cities in Oman,ଓମାନ 
List of cities in Russia,ରୁଷିଆ
List of cities in Qatar,କାଟାର 
List of cities in Denmark,ଡେନମାର୍କ 
List of cities in Egypt,ଇଜିପଟ୍
List of cities in Gambia,ଗାମ୍ବିଆ
List of cities in Germany,ଜର୍ମାନୀ 
List of cities in South Africa,ଦକ୍ଷିଣ ଆଫ୍ରିକା 
List of cities in Sweden,ସ୍ଵିଡେନ
List of cities in Hungary,ହଙ୍ଗେରୀ
List of cities in Israel,ଇସ୍ରାଏଲ
List of cities in Japan,ଜାପାନ 
List of cities in Kuwait,କୁଏଟ୍
List of cities in Malaysia,ମାଲୟେସିଆ
List of cities in Mexico,ମେକ୍ସିକୋ
List of cities in New Zealand,ନିଉଜିଲାଣ୍ଡ 
List of cities in North Korea,ଉତ୍ତର କୋରିଆ 
List of cities in Thailand,ଥାଇଲାଣ୍ଡ 
List of cities in Turkey,ତୁର୍କୀ 
List of cities in Ukraine,ଉକ୍ରେନ
List of cities in Venezuela,ଭେଞ୍ଜୁଏଲା
List of cities in Argentina,ଅର୍ଜେଣ୍ଟିନା 
List of cities in Australia,ଅଷ୍ଟ୍ରେଲିଆ 
List of cities in Bahrain,ବାହାରିନ
List of cities in Bulgaria,ବୁଲଗାରିଆ
List of cities in Chile,ଚିଲି 
List of cities in Cyprus,ସାଇପ୍ରସ
Additional performance records,ଅନ୍ୟ ଉପଲବ୍ଧ ରେକର୍ଡ 
Disabled or diseased summiters,ଭିନ୍ନକ୍ଷ୍ୟମ ଆରୋହଣକାରୀ 
Oldest summiters,ସର୍ବୋଜେଷ୍ଠ ଅରୋହଣକାରୀ 
Mount Everest from Gokyo Ri,ଗୋକ୍ୟୋ ରି ଅଞ୍ଚଳ ରୁ ମାଉଣ୍ଟ  ଏଭେରେଷ୍ଟ ର ଦୃଶ୍ୟ 
Youngest Summiters,ସର୍ବକନିଷ୍ଠ ଆରୋହଙ୍କାରୀ 
Youngest female,ମହିଳା 
examples only,ଉଦାହରଣ ମାତ୍ର 
First …,ପ୍ରଥମ 
Nepali records,ନେପାଲୀ ରେକର୍ଡ 
Everest base camp records,ଏଭେରେଷ୍ଟ ବେସ କେମ୍ପ ରେକର୍ଡ 
Death statistics,ମୃତ୍ୟୁ ପରିସଙ୍ଖ୍ୟାନ 
Non-Nepali or Tibetan,ଅଣ ନେପାଲୀ ଓ ତିବତୀୟ 
List of Mount Everest records,ମାଉଣ୍ଟ ଏଭେରେଷ୍ଟ ର ରେକର୍ଡ ସମୂହ ର ତାଲିକା
Wikipedia edition codes,ୱିକିପିଡିଆ ସମ୍ପାଦନ କୋଡ ସମୂହ 
List of Wikipedias,ୱିକିପିଡିଆ ସମୂହ ର ତାଲିକା
Grand total,ସର୍ବ ମୋଟ 
In art,କଳାକୃତି ରେ 
In feature films,ଫିଲ୍ମ ରେ ଵିକି 
In music,ସଂଗୀତା ରେ 
In postal items,ପୋଷ୍ଟାଲ ଜିନିଷ ରେ 
In radio broadcasts,ରେଡିୟୋ ପ୍ରସାରଣ ରେ 
In television episodes,ଟିଭି ସିରିୟାଲ ରେ ଵିକି 
In web comics,ଇଣ୍ଟର୍ନେଟ କମିକ ସିରିୟାଲ ରେ 
References and footnotes,ଆଧାର ଓ ଫୁଟ ନୋଟ 
Cases,ନିମ୍ମ  ରେ କିଛି ଉଦାହରଣ ଦିଆଗଲା 
KABYA,କାବ୍ୟ ସଂକଳନ
GATHA,ଗାଥା
Gathayani,ଗାଥାୟନୀ
KABITA (POETRY),କବିତା ସଂକଳନ
Kabita sanchayani,କବିତା ସଞ୍ଚାୟନୀ
NIBANDHA,ନିବନ୍ଧ
Gadya sanchayani,ଗଦ୍ୟ ସଞ୍ଚୟନୀ
NATAKA AND LOKANATYA (DRAMA),ନାଟକ ଓ ଲୋକନାଟ୍ୟ
UCHANGA SAHITYA,ଉଚ୍ଚାଙ୍ଗ ସାହିତ୍ୟ
AMAR CHARITA,ଅମର ଚରିତ
SERIES OF KUHUKA RAIJA,କୁହୁକ ରାଇଜ ସିରିଜ
SERIES OF PARIMAHALA,ପରୀମହଲ ସିରିଜ
SADHABA GHARA KATHA,ସାଧବ ଘର କଥା ସିରିଜ
Bibliography,ଅନ୍ୟାନ୍ୟ
Train names,ଟ୍ରେନ ର ନାମ ସବୁ 
Vaishnodevi Temple,"ବୈଷ୍ନୋଦେବୀ ମନ୍ଦିର , ରାଉରକେଲା , ରାଉରକେଲା"
Sadni Falls,ସାଦନୀ ପ୍ରପାତ 
Somnath Temple,ସୋମନାଥ ମନ୍ଦିର 
Attractions around Bemetara,ନିକଟସ୍ଥ ଆକର୍ଷଣୀୟ ସ୍ଥଳ ସବୁ 
Laxman Temple at Sirpur,ସିରପୁର ଠାରେ ଥିବା ଲକ୍ଷ୍ମଣ ମନ୍ଦିର 
Development and history,ଉନ୍ନୟନ ଓ ନିର୍ମାଣ ଇତିହାସ 
"Old Bombay, 1909",୧୯୦୯ ରେ ମୁମ୍ବାଇ 
Childhood and education,ବାଲ୍ୟଜୀବନ ଓ ଶିକ୍ଷା
Coaches,କୋଚ ବ୍ୟବସ୍ଥା 
Service,ସେବା 
Routeing,ଗତିପଥ ଓ ରହଣି 
Connections,ଯୋଗାଯୋଗ 
List of sovereigns,ଭାଟିକାନ ଶାସନ ମୁଖ୍ୟ ଙ୍କ ତାଲିକା 
12534 Pushpak Express,୧୨୫୩୪ପୁଷ୍ପକ ଏକ୍ସପ୍ରେସ
Schedule and Service,ସମୟ ସାରଣୀ ଓ ସେବା 
Rake and Coach,ରେକ ଓ କୋଚ 
GT Express near NDLS,GT ଏକ୍ସପ୍ରେସ ନୂଆ ଦିଲ୍ଲୀ ନିକଟ ରେ 
Location of Chhattisgarh,ଛତିଶଗଦ ରାଜ୍ୟ                     
Geography of Chhattisgarh,ଭୌଗୋଳିକ ସ୍ଥିତି 
Man of the Match awards,ମେନ ଅଫ ମେଚ ପୁରସ୍କାର 
Test career,ଟେଷ୍ଟ ଜୀବନ 
ODI career,ଏକଦିବସୀୟ ଜୀବନୀ 
International T20 career,T୨୦ ଆନ୍ତର୍ଜାତିକ 
IPL career,ଆଇପିଏଲ
Test cricket,ଟେଷ୍ଟ ରେ 
ODI cricket,ଏକଦିବସୀୟ ରେ 
Man of the Series awards,ମେନ ଓଫ ସିରିଜ 
Domestic career,ଘରେଇ ପ୍ରଦର୍ଶନ 
International career,ଅନ୍ତର୍ଜାତିକ ପ୍ରଦର୍ଶନ 
International centuries,ଅନ୍ତର୍ଜାତିକ ଶତକ 
International awards,ଅନ୍ତର୍ଜାତିକ ପୁରସ୍କାର 
ODI centuries,ଏକଦିବସୀୟ ଶତକ 
ODI Man of the Match awards,ଏକଦିବସୀୟ ମେନ ଓଫ ମେଚ 
T20I Man of the Match awards,t୨୦ ମେନ ଓଫ ମେଚ 
International Awards,ଅନ୍ତର୍ଜାତିକ୍ ପୁରସ୍କାର 
Test Cricket,ଟେଷ୍ଟ କ୍ରିକେଟ 
IPL carrer,ଆଇପିଏଲ ରେ ଯାଦବ 
Climbing career,ପର୍ବତାରୋହଣ ଜୀବନ 
Ascents of Mount Everest,ମାଉଣ୍ଟ ଏଭେରେଷ୍ଟ ଆରୋହଣ ସମୂହ 
Feroz Shah Kotla - WI vs RSA,ଫିରୋଜ ଶାହ ରେ ୱେଷ୍ଟ ଇଣ୍ଡିଜ ଓ ଦକ୍ଷିଣ ଆଫ୍ରିକା ମେଚ ସମୟ ରେ 
Feroz Shah Kotla Ground,ଫିରୋଜ ଶାହ କୋଟଲା କ୍ରିକେଟ ପଡିଆ 
Cricket World Cup,କ୍ରିକେଟ ବିଶ୍ଵ କପ 
Twenty20 Internationals,T20 ଅନ୍ତର୍ଜାତିକ ମେଚ ସମୂହ  
History and development,ଇତିହାସ ଓ ଉନ୍ନୟନ 
Sardar Patel Stadium,ସର୍ଦାର ପଟେଲ ଷ୍ଟାଡିୟମ 
Test match records,ଟେଷ୍ଟ ମେଚ ରେକର୍ଡ 
High points in cricket history,କ୍ରିକେଟ ଇତିହାସ ର ଉଲ୍ଲେଖନୀୟ ଘଟଣା 
1987 Cricket World Cup,1987 ବିଶ୍ଵ କପ 
1996 Cricket World Cup,1996 ବିଶ୍ଵ କପ 
2011 Cricket World Cup,2011 ବିଶ୍ଵ କପ 
Teams,ହେଇଥିବା ଟୂର୍ନାମେଣ୍ଟ ସବୁ 
Kalinga Stadium,କଳିଙ୍ଗ ଷ୍ଟାଡିୟମ 
Time Table,ସମୟ ସାରଣୀ 
Group,ଗ୍ରୁପ 
History and Construction,ଇତିହାସ ଓ ନିର୍ମାଣ 
Structure,ସ୍ଥାପତ୍ୟ 
Palaiya Jumma Palli,ପଲାଇୟା ଜୁମ୍ମା ପାଲ୍ଲୀ
About,ବର୍ଣନା
Educational institutions,ଶିକ୍ଷ୍ୟାନୁଷ୍ଠାନ 
Photo gallery,ଫୋଟୋ ଗେଲେରୀ 
Conservation,ପରିବେଶ ରକ୍ଷଣ 
Marine sanctuary,ସାମୁଦ୍ରିକ ଅଭୟାରଣ୍ୟ 
Biosphere reserve,ସଂରକ୍ଷିତ ଜୈବମଣ୍ଡଳ
Extent,ପରିବ୍ୟାପ୍ତି 
Hydrology,ଜଳତତ୍ଵ 
Club career,କ୍ଲବ ସ୍ତର ଅବଦାନ 
Religious texts,ଧାର୍ମିକ ପୁସ୍ତକ ସବୁ 
Other publications,ଅନ୍ୟାନ୍ୟପ୍ରକାଶନୀ 
Jaipur International Airport,ଜଯପୁର ଅନ୍ତର୍ଜାତିକ ବିମାନ ବନ୍ଦର 
Inside Terminal 2,ଟର୍ମିନାଲ ୨ ଭିତର ଦୃଶ୍ୟ 
Cargo,କାର୍ଗୋ ପରିବହନ 
Urban Agglomeration,ସମ୍ମିଳିତ ସହରାଞ୍ଚଳ  
Science and technology,ବିଜ୍ଞାନ ଓ କାରିଗରୀ ବିଦ୍ୟା 
Entertainment,ଆମୋଦପ୍ରମୋଦ 
Healthcare and medicine,ସ୍ୱାସ୍ଥ୍ୟସେବା ଓ ଔଷଧ 
Industrial and manufacturing,ଶିଳ୍ପ ଓ ଉତ୍ପାଦନ 
Management,ପରିଚାଳନା 
Applied Science,ପ୍ରଯୁକ୍ତିକ ବିଜ୍ଞାନ 
Formal Science,ସାଧାରଣ ବିଜ୍ଞାନ 
General Scientific occupations,ସାଧାରଣ ବିଜ୍ଞାନିକ ବୃତ୍ତି ସବୁ 
Life Science,ଜୈବ ବିଜ୍ଞାନ 
Natural Science,ପ୍ରକୃତି ବିଜ୍ଞାନ 
Physical Science,ପଦାର୍ଥ ବିଜ୍ଞାନ 
Earth Science,ମୃତ୍ତିକା ବିଜ୍ଞାନ 
Social science,ସାମାଜିକ ବିଜ୍ଞାନ 
Educational technologist,ବିଦ୍ୟାଗତ  କାରିଗରୀବିତ
Nature of the work,କାର୍ଯ୍ୟ ବିଧି 
List of writing occupations,ପେଶାଗତ ଲେଖନ ବୃତ୍ତି ସମୂହ ର ତାଲିକା
Early examples,ପ୍ରାରମ୍ଭିକ ଉଦାହରଣ 
Applications,ପ୍ରଯୁକ୍ତି ସମୂହ 
Simplicity,ସାବଲୀଳତା 
Information design,ସୂଚନା ଡିଜାଇନ 
Aircraft movement,ଉଡାଜାହାଜ ଚଳାଚଳ 
Passenger Traffic,ଯାତ୍ରୀ ଯାତାୟାତ 
April 2015 - March 2016,ଏପ୍ରିଲ ୨୦୧୫ - ମାର୍ଚ ୨୦୧୬ 
Contemporary artists,ସମସାମୟିକ ଆର୍ଟିଷ୍ଟ
List of Indian artists,ଭାରତୀୟ ଆର୍ଟିଷ୍ଟ ମାନଙ୍କର ତାଲିକା
Life and career,ଜୀବନୀ ଓ ଜୀବିକା 
Silpi,"ଶିଳ୍ପୀ , ତାମିଲ ଚିତ୍ରକର"
Stations,ଷ୍ଟେସନ 
Construction resuming,ଚାଲୁଥିବା ନିର୍ମାଣ ସବୁ 
Proposed,ପ୍ରସ୍ତାବିତ 
New Smart City List[12],ନୂତନ ସ୍ମାର୍ଟ ସିଟି ତାଲିକା  [12]
Implementation,କାର୍ଯ୍ୟକାରିତା 
Selection,ଚୟନ ପ୍ରକ୍ରିୟା 
List of Smart Cities by State,ରାଜ୍ୟ ୱାରି ଘୋଷିତ ସ୍ମାର୍ଟ ସିଟି ସମୂହ ର ତାଲିକା 
Population,ବାସିନ୍ଦା 
Street view of Diu,ଦିଉ ରାସ୍ତା ର ଦୃଶ୍ୟ 
Languages,ଭାଷା 
Geography and climate,ଭୌଗୋଳିକ ସ୍ଥିତି ଓ ଜଳବାଯୁ 
"St. Paul's Church, Diu",ସେଣ୍ଟ ପାଲ ଙ୍କ ଚର୍ଚ 
Diu Fort,ଦିଉ ଫୋର୍ଟ 
General Information,ସାଧାରଣ ସୂଚନା 
Geography and hydrography,ଭୌଗୋଳିକ ସ୍ଥିତି 
Location in Kerala,କେରଲ ରେ ଅବସ୍ଥିତି 
Cities,ନିକଟସ୍ଥ ସହର 
Inland transport,ନୌ ଚଳାଚଳ 
Ecological importance,ପରିବେଶ ଗୁରୁତ୍ଵ 
Boat capsize,ବୋଟ ଦୁର୍ଘଟଣା 
"Sukhna Lake Chandigarh, India",ଚଣ୍ଡିଗଡ ର ସୁଖନା ହ୍ରଦ 
Local lore,ଲୋକ କଥା 
Development and Maintenance,ଉନ୍ନୟନ ଓ ରକ୍ଷଣାବେକ୍ଷଣ
Problems,ସମସ୍ୟା
Sukhna Lake in Chandigarh,ଚଣ୍ଡିଗଡ ର ସୁଖନା ହ୍ରଦ 
Reservoirs,ଜଳଭଣ୍ଡାର ସମୂହ 
Low Altitude Lakes,ନିମ୍ମ ଅବତଳ ସ୍ଥିତ ହ୍ରଦ ସମୂହ 
Mid Altitude Lakes,ମଧ୍ୟ ଅବତଳ ସ୍ଥିତ ହ୍ରଦ ସମୂହ 
"Khajjiar, Chamba","ଖଜ୍ଜିଆର , ଚମ୍ବା "
High Altitude Lakes,ଉଛ ଅବତଳ ସ୍ଥିତ ହ୍ରଦ ସମୂହ 
History of Renuka Fair,ରେଣୁକା ମେଳା 
Sanctuary,ଅଭୟାରଣ୍ୟ 
Threats,ସଙ୍କଟ 
Accessibility,ଯାତାୟାତ 
Kareri Lake,କରେରି ହ୍ରଦ
The Anasāgar Lake.,ଆନା ସାଗର ହ୍ରଦ
List of Lake In India,ଭାରତ ର ହ୍ରଦ ସମୂହ ର ତାଲିକା 
Landmarks,ମୁଖ୍ୟ ଆକର୍ଷଣ 
Degradation,ଅବକ୍ଷୟ
Objectives,ଲକ୍ଷ୍ୟ ସବୁ 
2004 carnival,୨୦୦୪ କାର୍ନିଭାଲ 
2011 carnival,୨୦୧୧ କାର୍ନିଭାଲ 
2014 carnival,୨୦୧୪ କାର୍ନିଭାଲ 
Lake palace in Udaipur,ଉଦୟପୁର ର ହ୍ରଦ ମହଲ 
"Umaid Bhavan Palace, Jodhpur","ଉମ୍ମେଇଦ ଭବନ ମହଲ , ଜୋଧପୁର "
Jaipur district,ଜଯପୁର ଜିଲ୍ଲା 
Udaipur district,ଉଦୟପୁର ଜିଲ୍ଲା 
Bikaner district,ବିକାନେର ଜିଲ୍ଲା 
Jodhpur district,ଜୋଧପୁର ଜିଲ୍ଲା 
Other districts,ଅନ୍ୟ ଜିଲ୍ଲା ସମୂହ 
Rambagh Palace,ରାମବାଗ ରାଜମହଳ 
Courtyard,ରାମବାଗ ରାଜମହଳ ର ଅଭ୍ୟନ୍ତର ପ୍ରାନ୍ତର 
Palaces and forts,ରାଜମହଳ ଓ ଦୁର୍ଗ ସମୂହ 
Gardens,ବଗିଚା
Museums,ମିଉଜିଆମ
Others,ଅନ୍ୟ 
Elephant Festival Gangaur,ହାତୀ ଉତ୍ଶବ  ଗଙ୍ଗାଉର
See Also,ପୁନଶ୍ଚ ଦେଖନ୍ତୁ 
Tourist attractions,ପର୍ଯ୍ୟଟକ ଆକର୍ଷଣ ସବୁ 
The Stepwells,ସ୍ଟେପ କୂପ
Origin of name,ବ୍ୟୁପତ୍ତି 
Jhalawar district,"ଝାଲାୱର ଜିଲ୍ଲା , ରାଜସ୍ଥାନ"
Guesthouse,ଅତିଥି ଭବନ 
Hotel,ହୋଟେଲ 
Literature,ପୁନଶ୍ଚ ପଠନ 
Kilkila cannon,ଦୁର୍ଗ ରେ ଥିବା କିଲକିଲା ତୋପ 
Galleries in Mehrangarh Museum,ମେହେରଗଡ ଦୁର୍ଗ ର ଗେଲେରୀ 
Elephant's howdahs,ହାତୀ ହାୱଦା
Palanquins,ପାଳଙ୍କି 
The Chamunda Mataji Temple,ଚାମୁଣ୍ଡା ମାତାଜୀ ମନ୍ଦିର 
Chamunda Devi Temple,ଚାମୁଣ୍ଡା ମାତାଜୀ ମନ୍ଦିର
Rao Jodha Desert Rock Park,ରାଓ ଯୋଧା ମରୁଭୁମି ପ୍ରସ୍ତର ପାର୍କ 
2008 Stampede,2008 ଦଳା ଚକଟା ଦୁର୍ଘଟଣା 
List of lakes in India,ଭାରତ ରେ ହ୍ରଦ ମାନଙ୍କ ତାଲିକା 
Roof Terrace of the Fort,ନହରଗଡ ଦୁର୍ଗ ର ଛାତ 
view from Nahargarh Fort,ଜଯପୁର ସହର 
Nahargarh Fort view,ଦୂରଗ ରୁ ଦୃଶ୍ୟ 
Infrastructure,ଅବସ୍ଥିତି 
Visitor information,ଗମନାଗମନ 
Jantar Mantar,ଯନ୍ତର ମନ୍ତର 
Diggi Palace,ଡିଗ୍ଗି ମହଲ
Lal Mandir in Delhi,"ଲାଲ ମନ୍ଦିର , ଦିଲ୍ଲୀ "
"Ajmer Jain Temple, Rajasthan",ଆଜମେର ଜୈନ ମନ୍ଦିର 
Accessbility,ଯାତାୟାତ 
Kedar Nath Cave and Temple,କେଦାରନାଥ ଗୁମ୍ଫା ଓ ମନ୍ଦିର 
Ranthambore Sanctuary,ରନ୍ଥାମ୍ଭୋର ଅଭୟାରଣ୍ୟ
Nakkash ki Devi- Gomti Dham,ନାକାଶକି ଦେବୀ - ଗୋମତୀ ଧାମ 
Shri Mahavirji Temple,ଶ୍ରୀ ମହାବୀରଜୀ ମନ୍ଦିର 
Mehandipur Balaji Temple,ମେହନ୍ଦିପୁର ବାଲାଜି ମନ୍ଦିର 
Barbasin Temple,ବରବାସୀ ମନ୍ଦିର 
Kaila Devi Temple,"କୈଲା ଦେବୀ ମନ୍ଦିର , ଆଜମେର"
Flagstaff ghat in 1859,ପ୍ରସିଦ୍ଧ ଘାଟ 1859 ର ଚିତ୍ରପଟ 
Reporting and citation,ରିପୋର୍ଟ ଓ ଉଲ୍ଲେଖ 
Principal seat and benches,ମୁଖ୍ୟ କୋର୍ଟ ଓ ସଖା ସମୂହ 
Chief Justice,ମୁଖ୍ୟ ନ୍ୟାୟାଧୀଶ 
List of Chief Justices,ପୂର୍ବତନ ମୁଖ୍ୟ ନ୍ୟାୟାଧୀଶ ମାନଙ୍କ ତାଲିକା 
Chandra Shekhar Azad Memorial,ଚନ୍ଦ୍ର ଶେଖର ମେମୋରିଆଲ ପାର୍କ 
Victoria Memorial,ଭିକ୍ଟୋରିଆ ମେମୋରିଆଲ 
Alfred Park,"ଆଲଫ୍ରେଡ ପାର୍କ , ଆଲାହାବାଦ"
Moat at the Aligarh Fort,ଆଲିଗଡ ଦୁର୍ଗ ର ଜଳ ଖାଇ 
Collection,ସଂଗ୍ରହ 
In Vedic Scripture,ବେଦ ର ପାଣ୍ଡୁଲିପି ରେ 
Stupa ruins in Kushinagar.,କୁଶୀନଗର ଠାରେ ଭଗ୍ନ ସ୍ତୁପ ସମୂହ .
Schools,ସ୍କୁଲ 
Saraswati Inter College,ସରସ୍ଵତୀ ଇଣ୍ଟର କଲେଜ 
Chittaranjan Avenue.,"ଚିତ୍ତରଞ୍ଜନ ଆଭେନ୍ୟୁ , କଲିକତା"
Stretch,ପରିବ୍ୟାପ୍ତି 
Operation,କାର୍ଯ୍ୟକାରିତା 
Legacy,ବସିୟତ 
Chittaranjan Avenue,"ଚିତ୍ତରଞ୍ଜନ ଆଭେନ୍ୟୁ , କଲିକତା"
Inner verandah of the Mansion,ମହଲ ର ଭିତର ବାରଣ୍ଡା 
Tagore Museum,ଠାକୁର ମିଉଜିଆମ 
Visits and programmes,ଭ୍ରମଣ ଓ କାର୍ଜ୍ୟକ୍ରମ ସବୁ 
Jorasanko Thakur Bari,"ଜୋରାସାଙ୍କୋ ଠାକୁର ବାରି, କଲିକତା"
The Museum,ମିଉଜିଆମ 
The Library,ଲାଇବ୍ରେରୀ 
Sabarna Sangrahashala,"ସବର୍ଣା ସଂରହଶାଳା, କଲିକତା"
Airport extension,ଏୟାର ପୋର୍ଟ ଯାଏ ପରିବର୍ଦ୍ଧନ 
Kolkata Circular Railway,କଲିକତା ଚକ୍ରାକାର ରେଳପଥ
Shahid Minar Maidan,ଶହୀଦ ମିନାର ମଇଦାନ 
Public use,ଜନସାଧାରଣ ଙ୍କ  ବ୍ୟବହାର 
"Shaheed Minar, Kolkata","ଶହୀଦ ମିନାର , କଲିକତା"
New Market circa 1945,1945 ମସିହା ରେ ନିଉ ମାର୍କେଟ 
Food stores,ଖାଦ୍ୟ ଦ୍ରବ୍ୟ  ଷ୍ଟୋର 
Fires,ଅଗ୍ନି ବିପତ୍ତି 
"The Indian Museum, Calcutta","ଭାରତୀୟ ମିଉଜିଆମ , କଲିକତା "
Works,କାର୍ଯ୍ୟ ସମୂହ 
References and sources,ଆଧାର ସମୂହ 
Nearby places,ନିକଟସ୍ଥ ସ୍ଥାନ 
Diamond Harbour,ଡାଇମଣ୍ଡ ହାର୍ବର 
Lankeswari,ମାଁ ଲଙ୍କେଶ୍ଵରୀ 
Lankeswari Temple,ଲଙ୍କେଶ୍ଵରୀ ମନ୍ଦିର 
Destruction,ଧ୍ଵଂଶତା
Renovation,ପୁନରୁଦ୍ଧାର
The village,ଗ୍ରାମ 
Chowringhee in 1798,1798 ରେ  ଚୌରିଙ୍ଗି 
Chowringhee looking south,ଚୌରିଙ୍ଗି ର ଦକ୍ଷିଣ ରାସ୍ତା  
Creative inspiration,ସୃଜନ ସୃଷ୍ଟି 
Images,ଗେଲେରୀ 
"Moosi Rani Ki Chhatri, Alwar",ଅଲୱାର ର ମୂଷିରାଣୀ ଛତ୍ରୀ 
Outside India,ବିଦେଶ ରେ ଛତ୍ରୀ 
Monorail,ମୋନୋରେଲ 
Metro rail,ମେଟ୍ରୋ ରେଳ 
Light rail,ହାଲୁକା ରେଳ 
Metro Coach factories in India,ମେଟ୍ରୋ ରେଳ କୋଚ କାରଖାନା 
Bus Rapid Transit System,ବସ କ୍ଷିପ୍ର ଯାତାୟାତ ପ୍ରକଳ୍ପ
Rapid transit in India,"କ୍ଷିପ୍ର ଯାତାୟାତ ପ୍ରକଳ୍ପ  , ଭାରତ"
The Two Coracles,କୋରାଲ ପାହାଡ 
Near Hampi,ହାମ୍ପି ନିକଟ ରେ 
Dams,ନଦୀ ବନ୍ଧ
Reservoir of the dam,ନଦୀବନ୍ଧ ର ଜଳାଶୟ 
Hotels and restaurants,ହୋଟେଲ ଓ ରେଷ୍ଟୁରାଣ୍ଟ ସମୂହ 
Malls and markets,ମାଲ ଓ ବଜାର ସବୁ 
Churches,ଚର୍ଚ ସମୂହ 
Hindu temples,ହିନ୍ଦୁ ଦେବାଳୟ ସମୂହ 
Mosques,ମସଜିଦ ସବୁ 
Synagogues,ସ୍ମାରକୀ ସମୂହ 
"Beaches, dams and lakes","ବେଳାଭୂମି , ଜଳାଶୟ ଓ ହ୍ରଦ ସମୂହ "
Caves,ଗୁମ୍ଫା ସମୂହ 
Cinemas and film studios,ସିନେମାଘର ଓ ଫିଲ୍ମ ଷ୍ଟୂଡିଓ ସମୂହ 
Forts,ଦୁର୍ଗ ସମୂହ 
Gilbert Hill,"ଗିଲବର୍ଟ ହିଲ, ମୁମ୍ବାଇ"
Jijamata Udyaan,"ଜିୟାମାତା ଉଦ୍ୟାନ , ମୁମ୍ବାଇ"
Access,ପହଞ୍ଚ
Hydrology and dam features,ବନ୍ଧା ର ବିଶିଷ୍ଟତା  ସବୁ 
Specifications,ବୈଶିଷ୍ୟ
Drinking water Water supply,ମୁମ୍ବାଇ ସହର ଓ ସହରତଳି ଅଞ୍ଚଳ କୁ ଜଳଯୋଗାଣ ପାଇଁ ଏହି ପ୍ରକଳ୍ପ ସହାୟତା ଦେଇଥାଏ । 
Hanging Gardens,"ଝୁଲା ଉଦ୍ୟାନ , ମୁମ୍ବାଇ "
Aksa Beach,ଅକସା ବେଳାଭୂମି 
Sunset at the Aksa Beach,ଅକସା ବେଳାଭୂମି ରେ ସୂର୍ଯ୍ୟାସ୍ତ 
Safety,ନିରାପତ୍ତା 
Gowalia Tank,"ଗୋୱାଳିଆ ଟେଙ୍କ , ମୁମ୍ବାଇ "
The Eros Cinema,ଏରୋସ ସିନେମା 
Encroachments,ଅବୈଧ ଅଧିକାର 
Temple Complex,ମନ୍ଦିର ସମୂହ 
Worli Fort,ୱୋରଲି ଦୁର୍ଗ
Synopsis,ସାରମର୍ମ 
Film Festivals,ଫିଲ୍ମ ମହୋତଶବ ରେ ଅଂଶ ଗ୍ରହଣ 
Baga Beach in North Goa,"ବାଗା ବେଳାଭୂମି , ଉତ୍ତର ଗୋଆ "
West coast,ପଶ୍ଚିମ ତଟ
Gujarat,ଗୁଜୁରାଟ 
Maharashtra,ମହାରାଷ୍ଟ୍ର 
Goa,ଗୋଆ 
Karnataka,କର୍ଣାତକ
Kerala,କେରଲ
East coast,ପୂର୍ବ ତଟ
West Bengal,ପଶ୍ଚିମ ବଙ୍ଗ 
Puri Beach,ପୁରୀ ବେଳାଭୂମି 
Tamil Nadu,ତାମିଲନାଡୁ 
Pondicherry,ପଣ୍ଡିଚେରୀ 
List of botanical gardens,ବୋଟାନିକାଳ ଗାର୍ଡେନ ସମୂହ ର ତାଲିକା
Other significant mountains,ଅନ୍ୟ ପର୍ବତ 
Mountain ranges,ପର୍ବତ ଶ୍ରେଣୀ 
Creation myth,ସର୍ଜନା କଥା
Kuniumi and Kamiumi,କୁନିଉମି ଓ କାମିଉମି
WikiArt,ୱିକିଆର୍ଟ
Sources and references,ଆଧାର ଓ ସ୍ରୋତ 
Rulers,ଶାସକ 
Rajas,ବଣାଇ ର ରାଜା  ସବୁ 
Maharajas,ମହାରାଜା 
Rulers Of Ajaigarh,ଅଜୟଗଡ ର ଶାସକ ମାନେ 
Furisode,ଫୁରିସୋଡ଼େ
Two maiko wearing kimono,କିମୋନୋ
Modern styles of furisode,ଫୁରିସୋଡ଼େରେ ଆଧୁନିକ ଡିଜାଇନ
Parts,ଅଂଶ
Diagram of the kimono parts,କିମୋନୋର ବିଭିନ୍ନ ଅଂଶ
Cost,ଦାମ
Noodles,ନୂଡୁଳସ
Udon noodles,ନୂଡୁଳସ
Tea,ଚା
Sweets,ମିଠା
Beverages,ପାନୀୟ
Sake,ସାକେ
Chopsticks,ଚପକାଠି
Seasonality,ଋତୁଚକ୍ର ଆଧାରିତ ଭୋଜନ
Flag of Princely Chhatarpur,ପ୍ରାଚୀନ ଛତରପୁର ରାଜ୍ୟ ର ପତାକା 
Chhatarpur,ଛତରପୁର ରାଜ୍ୟ 
Title Rao,ରାଓ ସମୂହ 
Alipura palace,ଆଲିପୁରା ମହଲ 
Diwans,ଦିଵାନ ସମୂହ 
Ruling Rajas,ରାଜା ସମୂହ 
Historical places,ଏଇତିହାସିକ ସ୍ଥଳ ସବୁ 
External links and Sources,ବାହ୍ୟ ସଂଯୋଗ ସବୁ 
Title Diwan,ଦେୱାନ 
Bhil girls in Jhabua.,ଝାବୁଆ ର ଭିଲ ନର୍ତକି ଗଣ
Thakurs,ଠାକୁର 
Maharawat,ମହାରାଵତ
Raos,ରାଓ 
Piploda State,ପିପ୍ଲୋଡା ରାଜ୍ୟ
A Rajput ruler of Rajgarh,ରାଜଗଡ ରାଜ୍ୟ ର ରାଜପୁତ ଶାସକ 
Rawats,ରାୱତ
Nawab,ନବାବ 
Ranas,ରାଣା ସମୂହ 
Lunavada State,ଲୁନାଭଦା ରାଜ୍ୟ
Rulers (title Maharawal),ଶାସକ ଗଣ ( ମହାରାୱାଲ ଉପାଧି ସହ )
Flag of the Maharana of Danta,ଦାନ୍ତା ମହାରାଣା ଙ୍କ ପତାକା 
"Mu´min Khan, Nawab of Cambay.","ମୁମିନ ଖଁ , କାମ୍ବେ ର ନବାବ "
Nawabs,ନବାବ ଗଣ 
Bunbury Port,ବନବାରି ବନ୍ଦର 
Fremantle Port,ଫ୍ରିମାନ୍ତଳ ବନ୍ଦର 
Chittagong port,ଚିତ୍ତାଗଙ୍ଗ ବନ୍ଦର 
"Mundra Port, Gujarat","ମୁନ୍ଦ୍ରା ବନ୍ଦର , ଗୁଜରାଟ "
"Kochi Port, Kerala","କୋଚି ବନ୍ଦର , କେରଲ"
"Chennai port, Tamil Nadu","ଚେନ୍ନଇ ବନ୍ଦର , ତାମିଲନାଡୁ "
"Port Louis, Mauritius","ପୋର୍ଟ ଲୁଇସ , ମରିସସ "
Busiest cargo ports, ବ୍ୟସ୍ତତମ କାର୍ଗୋ ବନ୍ଦର
Yangshan Port of Shanghai,"ୟାଙ୍ଗସାନ ବନ୍ଦର , ସାଙ୍ଘାଇ "
Tsuen Wan port of Hong Kong,"ଶୁଏନ ୱାନ ବନ୍ଦର , ସିଙ୍ଗାପୁର "
Busiest passenger ports,ବ୍ୟସ୍ତତମ ଯାତ୍ରୀ ବନ୍ଦର
Scientific analysis,ବୈଜ୍ଞାନିକ ପଦ୍ଧତି ରେ ବିଶ୍ଳେଷଣ 
World's busiest port,ବିଶ୍ଵ ର ବ୍ୟସ୍ତତମ ବନ୍ଦର
List of Home Ministers,ଭାରତ ର ଗୃହମନ୍ତ୍ରୀ ସମୂହ ଙ୍କ ତାଲିକା 
Early history,ପ୍ରାରମ୍ଭିକ ଇତିହାସ 
British Raj,ବ୍ରିଟିଶ ରାଜ ସମୟ ରେ 
Jaswan,ଜସ୍ଵାନ ରାଜ୍ୟ 
The Mian Families,ମିଆଁ ପରିବାର 
Princely states,ରାଜକୀୟ ରାଜ୍ୟ ସମୂହ 
Punjab States Agency,ପଞ୍ଜାବ ରାଜ୍ୟ ଏଜେନ୍ସି 
"Salute states, by precedence :","ସେଲୁଟ ରାଜ୍ୟ ସବୁ , କ୍ରମାନୁସାରେ  :"
Mamdot Pataudi,ମମଦୋତ ପଟାଉଡି 
Simla Hills,ସିମଳା ପର୍ବତ୍ୟାଞ୍ଚଳ 
Map of some states 1911,କେତେତି ବର୍ବତ୍ୟାଞ୍ଚଳ ରାଜ୍ୟ ର 1911 ର ଅବସ୍ଥିତି ର ମାନଚିତ୍ର 
States of the Punjab Hills,ପଞ୍ଜାବ ପର୍ବାଞ୍ଚଳ ରାଜ୍ୟ ସମୂହ 
"Rampur, Himachal Pradesh","ରାମପୁର   , ହିମାଚଳ ପ୍ରଦେଶ"
Facilities Available :,ଉପଲବ୍ଧ ସୁବିଧା ସବୁ 
Places of Interest:,ଦର୍ଶନୀୟ ସ୍ଥାନ 
"HPTDC Hotel Shrikhand, Sarahan",HPTDC ହୋଟେଲ 
Climate :,ଜଳବାଯୁ  :
Notable persons from this town,ଏହି ସହର ର ଜଣାଶୁଣା ବ୍ୟକ୍ତି 
Legend about Bhimakali,କିମ୍ବଦନ୍ତୀ 
Visiting,ପର୍ଯ୍ୟଟନ 
Majthal Sanctuary,ମଜଥାଳ ଅଭୟାରଣ୍ୟ
Hatu Temple,ହାତୁ ମନ୍ଦିର 
Tourist House,ଟୁରିଷ୍ଟ ଭବନ 
Manali Sanctuary,ମନାଲି ଅଭ୍ୟୟାରଣ୍ୟ
Dak bungalow,ଡାକ ବଙ୍ଗଳା 
Hills,ପର୍ବତ 
Dense old forest,ଘଞ୍ଚ ପ୍ରାଚୀନ ଅରଣ୍ୟ 
Medicinal tree plants,ଔଷଧୀୟ ବୃକ୍ଷ 
Sambar deer,ସଂବର 
Kalesar National Park,କଳେସର ଜାତୀୟ ପାର୍କ
Criminal acts,ଅପରାଧିକ କାର୍ଯ୍ୟ 
Cameras,କାମେରା 
Transportation,ଯାତାୟାତ 
Animals,ବନ୍ୟପ୍ରାଣୀ 
Nearby attractions,ନିକଟସ୍ଥ ଆକର୍ଷଣ ସମୂହ 
Archaeological remains,ପୁରାତତ୍ଵ 
List of national parks.[2],ଜାତୀୟ ପାର୍କ ସମୂହ ର ତାଲିକା.[2]
Chief Ministers of West Bengal,ପଶ୍ଚିମ ବଙ୍ଗ ର ମୁଖ୍ୟମନ୍ତ୍ରୀ ସମୂହ 
Purpose,ଉଦେଶ୍ୟ 
Wildlife,ଜୀବଜନ୍ତୁ 
Pathrala barrage,ପଥରଲା ବାରେଜ
Durga Mandir,ଦୂର୍ଗା ମନ୍ଦିର 
Demographic,ଜନ ଆବାଦୀ 
Public transport,ଯାତାୟାତ 
Doraemon,ଡୋରେମନ
Language and culture,ଭାଷା ଓ ସଂସ୍କୃତି 
Place,ଦର୍ଶନୀୟ ସ୍ଥାନ ସମୂହ 
Tourist places,ନିକଟସ୍ଥ ପର୍ଯ୍ୟଟକ ସ୍ଥଳୀ ସମୂହ 
The coalfield,କୋଇଲାଖଣି ଅବସ୍ଥିତି 
Interstate dispute,ଅନ୍ତ-ରାଜ୍ୟ ଜଳବିବାଦ 
Connecting,ଜାତୀୟ ରାଜପଥ 163 ର ବିବରଣୀ 
Nearest tourist interests,ନିକଟସ୍ଥ ଦର୍ଶନୀୟ ସ୍ଥାନ 
Distance from places,ବିଭିନ୍ନ ଆସ୍ଥାନ ରୁ ଦୂରତା 
Bhikampali,ଭିକମପାଳି 
Script,ଲିପି 
Main demands,ମୁଖ୍ୟ ଦାବି ସମୂହ 
Funding,ଅର୍ଥ ବ୍ୟବସ୍ଥା 
Partners,ଅଂଶୀଦାର 
Payments bank,ଅର୍ଥ ପ୍ରଦାନ  କାରୀ ବେଙ୍କ
Official website,ମୁଖ୍ୟ ୱେବସାଇଟ
Topography,ଭୌଗୋଳିକ ସ୍ଥିତି 
Ecology,ଜୀବ ଓ ଉଦ୍ଭିଦ 
Satpura Range,ଶତପୁରା ରେଞ୍ଜ
Places to Stay,ରହଣି ସ୍ଥଳ 
The complex,ମନ୍ଦିର ପରିସର 
Age,ନିର୍ମାଣ କାଳ 
Barinder Sran,ବରୀନ୍ଦର ସରନ 
International Career,ଆନ୍ତର୍ଜାତିକ ପ୍ରଦର୍ଶନ 
Playing Career,ଖେଳ ଜୀବନ 
Personal Life,ବ୍ୟକ୍ତିଗତ ଜୀବନ 
Domestic Career,ଘରେଇ ପ୍ରଦର୍ଶନ 
Early years and personal life,ପ୍ରାରମ୍ଭିକ ଜୀବନ 
First class,ଘରେଇ ପ୍ରଦର୍ଶନ 
National attention,ଅନ୍ତର୍ଜାତିକ ପ୍ରଦର୍ଶନ 
Life ban,ଆଜୀବନ ବାସନ୍ଦ 
International records,ଅନ୍ତର୍ଜାତିକ ରେକର୍ଡ ସମୂହ 
Test 5 wicket hauls,ଟେଷ୍ଟ ରେ 5-ୱିକେଟ 
ODI 5 wicket hauls,ଏକଦିବାସୀୟ 5-ୱିକେଟ 
One-Day International Cricket,ଏକଦିବାସୀୟ ଅନ୍ତର୍ଜାତିକ 
Player of the Series awards,Player of the Series ପୁରସ୍କାର 
Twenty20 International Cricket,T20 ଅନ୍ତର୍ଜାତିକ 
Man of the Match Awards,Man of the Match ପୁରସ୍କାର 
Rivers,ନଦୀ ସମୂହ 
Kadua River,କାଦୁଆ ନଦୀ 
Navigation,ନୌଚାଳନ 
Turtle rookery,କଚ୍ଛପ ଜନ୍ମସ୍ଥାନ 
Hydro power potential,ଜଳବିଦ୍ୟୁତ ପ୍ରକଳ୍ପ ସମ୍ଭାବନା 
Irrigation potential,ଜଳସେଚନ ସମ୍ଭାବନା 
Migration,ସ୍ଥାନାନ୍ତର 
Educational Scenario,ଶିକ୍ଷୟା 
Atri hot spring,"' ଅଟ୍ରୀ"" ଉଷ୍ମପ୍ରସବଣ "
Weather and Climate,ଜଳବାଯୁ 
Places to see,ଦର୍ଶନୀୟ ସ୍ଥାନ ସମୂହ 
Fairs and Festivals,ଯାନୀ ଯାତ୍ରା 
How to Reach Bolagarh,ଯାତାୟାତ 
By Air :,ବୋଲଗଡ କୁ ପହଞ୍ଚିବା ପାଇଁ ସଡକ ପଥ ରେ ଭୁବନେଶ୍ବର ଠାରୁ ଯାଇ 2 ଘଣ୍ଟା ରେ ପହଞ୍ଚି ହୁଏ । ନିକଟସ୍ଥ ରେଳଷ୍ଟେସନ ନୟାଗଡ ଜିଲ୍ଲା ର  ରାଜସୁନଖଳା 8 କିଲୋମିଟର ଦୂର ରେ ଅବସ୍ଥିତ । ଏହି ଗ୍ରାମ ର ନିକଟସ୍ଥବିମାନ ବନ୍ଦର ବିଜୁ ପଟ୍ଟନାୟକ ଅନ୍ତର୍ଜାତିକ ବିମାନ ବନ୍ଦର ଓ ଏହା 58 କିଲୋମିଟର ଦୂର ରେ ଅବସ୍ଥିତ । 
Bolagarh,ବୋଲଗଡ
Famous places,ଦର୍ଶନୀୟ ସ୍ଥାନ 
Chandahandi,ଚନ୍ଦାହାଣ୍ଡି
Food,ଖାଦ୍ୟ
Business,ବାଣିଜ୍ୟ 
People,ବିଶିଷ୍ଟ ଅଧିବାସୀ 
Gods and temples,ମନ୍ଦିର ସମୂହ 
Festival,ଯାନିଯାତରା 
Nature,ପ୍ରକୃତି 
Antiquities,ପୁରାତତ୍ଵ 
Industry,ଶିଳ୍ପ 
Bird Images,ପକ୍ଷୀ ଗେଲେରୀ 
Legend of Varahajew,କିମ୍ବଦନ୍ତୀ 
Occupations,ବୃତ୍ତି 
Temples & Festivals,ମନ୍ଦିର ଓ ଯାନୀ ଯାତ୍ରା 
Thakurani Yatra,ଠାକୁରାଣୀ ଯାତ୍ରା 
Visiting places,ଦର୍ଶନୀୟ ସ୍ଥାନ 
Banks,ବେଙ୍କ ସେବା 
Bandhaguda,ବନ୍ଧାଗୁଡା
Life of Raulibandha,ଜୀବିକା ଓ ଶିକ୍ଷ୍ୟା 
Future,ଭବିଷ୍ୟତ ଯୋଜନା 
Projects,ପ୍ରକଳ୍ପ ସମୂହ 
Hydro projects,ଜଳବିଦ୍ୟୁତ ପ୍ରକଳ୍ପ ସବୁ 
Embankments,ତଟବନ୍ଧ
River linking,ନଦୀ ସଂଯୋଗ 
River and basin data,ନଦୀ ଓ ବେସିନ ତଥ୍ୟ 
Floods,ବନ୍ୟା 
Kamala Multipurpose Project,କମଳା ବହୁମୂଖୀ ନଦୀ ବନ୍ଧ ଯୋଜନା 
Origin,ଉପତ୍ତି 
Siliguri Town railway station,ସିଲିଗୁଡି ସହର  ରେଳ ଷ୍ଟେସନ
Cities On The River Bank,ତଟବର୍ତୀ ସହରସବୁ 
Water Transportation,ଜଳ ପରିବହନ 
Tributaries of Wainganga,ଉପନଦୀ ସମୂହ 
In fiction,କାଳ୍ପନିକ ଉପନ୍ୟାସ ରେ ୱାଇନଗଙ୍ଗା 
Mahadeo Temple,ମହାଦେଓ ମନ୍ଦିର 
Mahadeo Hills,ମହାଦେଓ ପର୍ବତ ମାଳ 
Jeonara,ଜେବନାରା  ଗ୍ରାମ
Rail,ରେଳପଥ 
Important Trains,ଏଠାରୁ ଚାଲୁଥିବା ମୁଖ୍ୟ ଟ୍ରେନ ସମୂହ 
Structure and location,ଅବସ୍ଥିତି 
Average speed and frequency,ଗତି 
Number and Nomenclature,ନମ୍ବର 
Route and Halts,ରହଣି ଓ ଯାତ୍ରାପଥ 
Speed and Frequency,ଗତି 
Schedule Arrival/departure,ସମୟ ସାରଣୀ 
Train Route,ଯାତ୍ରାପଥ 
Arrival/ Departure Details,ସମୟ ସାରଣୀ 
Train Composition,ବଗି 
Train History,ଇତିହାସ 
Other links,ଅନ୍ୟ ସଂଯୋଗ ସବୁ 
Speed and frequency,ଗତି 
Coach compsition,ବଗି ସମୂହ 
Accidents,ଦୁର୍ଘଟଣା 
Major trains,ମୁଖ୍ୟ ଟ୍ରେନ ସବୁ 
Banas River,ବନାସ ବା ବାଣୀ ନଦୀ
Mobile numbers,ମୋବାଇଲ ନମ୍ବର 
Telemarketing,ଟେଲିମାର୍କେଟିଙ୍ଗ ନମ୍ବର 
Fixed (landline) numbers,ଲାଣ୍ଡଲାଇନ ନମ୍ବର 
Network Operators,ନେଟୱର୍କ ଅପରେଟର
9xxx Series,9XXX ସିରିଜ 
8xxx Series,8XXX ସିରିଜ 
7xxx Series,7XXX ସିରିଜ 
"Lakhanpur, Odisha","ଲଖନପୁର, ଓଡିଶା "
Educational institute,ଜନ ଆବାଦୀ 
Health services,ସ୍ୱାସ୍ଥ୍ୟ ସେବା ଓ ଶିକ୍ଷ୍ୟା 
Fastivals,ଯାନିଯାତରା 
Temple,ମନ୍ଦିର ସମୂହ 
Dadhibaman temple,ଦଧିବାମନ ମନ୍ଦିର 
Khatushyam Temple,ଖଟୁଶ୍ୟାମ ମନ୍ଦିର 
Place of sttraction,ଦର୍ଶନୀୟ ସ୍ଥାନ 
Tirathpur,ତିରଥପୂର
Main Festivals,ଯାନୀ ଯାତ୍ରା 
Politicians,ରାଜନୀତି 
Bijepur zamidar,ବିଜେପୁର ଜମିଦାର ଭାବନା 
Bijepur Rapta,ବିଜେପୁର ରାପତା 
Natural hazards,ପ୍ରକୃତିକ ବିପର୍ଯ୍ୟୟ 
Economics,ଅର୍ଥନୈତିକ ଅବସ୍ଥା 
Indian freedom fighter,ସ୍ଵାଧୀନତା ସଂଗ୍ରାମ ରେ ବିଜେପୁର ର ଅବଦାନ 
Bijepur Tehsil,ବିଜେପୁର ତହସିଲ 
Notable people,ଉଲ୍ଲେଖନୀୟ ବ୍ୟକ୍ତିତ୍ବ 
Rajkanika,ରାଜକନିକା 
"Hum, Croatia","ହୁମ, କ୍ରୋଏଟିଆ"
Theog,"ଥିୟୋଗ, ସିମଳା"
People and Culture,ସଂସ୍କୃତି 
Local Attractions,ପର୍ଯ୍ୟଟନ 
Pakyong,ପକ୍ଯୋଙ୍ଗ
Professional career,ବୃତ୍ତିଗତ ଖେଳ ଜୀବନୀ 
Zafar Iqbal (field hockey),ଜାଫର୍ ଇକବାଲ
Team Manager,ମାନେଜର
Leslie Claudius,ଲେସଲି କ୍ଲାଉଡିଅସ
Champions Trophy,ଚମ୍ପିୟାନ ଟ୍ରଫି 
1985 (Perth),1985 ରେ ପର୍ଥ ପ୍ରଦର୍ଶନ 
1986 (Karachi),1986ର କରାଚି ପ୍ରଦର୍ଶନ 
Honours,ସମ୍ମାନ 
Vasudevan Baskaran,ବାସୁଦେବନ ଭାସ୍କରନ୍
Indian-Hockey-Team-Berlin-1936,1936 ମସିହା ବର୍ଲିନ ଅଲିମ୍ପିକ ରେ ଭାରତୀୟ ଦଳ 
Planned,ପ୍ରସ୍ତାବିତ 
Defunct airlines,ବନ୍ଦ ହେଇଯାଇଥିବା 
Operational,ବର୍ତମାନ ପ୍ରଚଳିତ 
Destinations,ଗନ୍ତବ୍ୟ ସ୍ଥଳ 
Fleet,ଫ୍ଲୀଟ
Jodhpur Air Base,ଯୋଧପୁର ଏୟାର ବେସ 
Garuda Terminal,ଗରୁଡ ଟର୍ମିନାଲ 
Accidents and incidents,ଘଟନା ଓ ଦୁର୍ଘଟଣା 
Military Enclaves,ସାମରିକ ପ୍ରାନ୍ତର 
Modernization,ଆଧୂନିକୀକରଣ
New terminal,ନୂତନ ଟର୍ମିନାଲ 
Seaplane services,ଅନ୍ୟ ବିମାନ ସେବା 
Terminal,ଟର୍ମିନାଲ 
Campbell Bay (Great Nicobar),"କାମ୍ପବେଲ ବେ , ବୃହତ ନିକୋବର "
INS Baaz,INS ବାଜ 
Results by country,ଜିତିଥିବା ଦେଶ ମାନଙ୍କର ଅବସ୍ଥିତି 
Map of winning countries,ଜିତିଥିବା ଦେଶ ମାନଙ୍କର ଅବସ୍ଥିତି
Ground transportation,ରାସ୍ତା 
Examples,ଉଦାହରଣ 
Tanga Airport in Tanzania,ତାଞ୍ଜାନିଆ ର ଟଙ୍ଗା ବିମାନ ବନ୍ଦର 
Regional airport,ଆଞ୍ଚଳିକ ବିମାନ ବନ୍ଦର 
Air base facilities,ଏୟାର ବେସ ସୁବିଧା ସମୂହ 
Aircraft carrier,ବିମାନ ବାହୀ ଜାହାଜ 
Road air base,ରୋଡ ଏୟାର ବେସ 
Type conversion,ରେଟିଂ 
Flight training,ଫ୍ଲାଇଟ ଟ୍ରେନିଂ 
Indian Coast Guard Air Station,ଭାରତୀୟ ତଟ ସୁରକ୍ଷ୍ୟା ବାହିନୀ
Domestic cricket,ଘରେଇ କ୍ରିକେଟ ପ୍ରଦର୍ଶନ 
Teams played,ଖେଳିଥିବା ଦଳ ସମୂହ 
Mushtaq Ali,ମୁସ୍ତାକ ଅଲି
Umpiring career,ଅମପାୟର ଜୀବନୀ 
Umpiring statistics,ଅମପାୟରିଙ୍ଗ ପରିସଙ୍ଖ୍ୟନ 
First-class career,ପ୍ରଥମ ଶ୍ରେଣୀ ଅବଦାନ 
Baloo Gupte,ବାଲୂ ଗୁପ୍ତେ 
One Test Wonder,ପୁନଶ୍ଚ ଦେଖଣା 
Vijay Rajindernath,ବିଜୟ ରାଜିନ୍ଦରନାଥ
Architecture and use,ସ୍ଥାପତ୍ୟ ଓ ବ୍ୟବହାର 
Benham Valence,ବେହନାମ ଭାଲେନ୍ସ
Gates to Benham Valence,ବେହନାମ ଵାଲେନ୍ସ ର ଗେଟ 
Ancestry and early life,ବଂଶବାଦ 
War with Vidarbha,ବିଦର୍ଭ ଯୁଦ୍ଧ 
Succession,ଉତ୍ତରାଧିକାର 
Jahangir Khan (cricketer),ଜାହାଙ୍ଗୀର ଖାନ (କ୍ରିକେଟର )
Phiroze Palia,ଫିରୋଜ ପାଳିଆ
Caves at Barabar Hill,ବାରାବର ପାହାଡ ର ଗୁମ୍ଫା 
Shri Mahavir Sthan Nyas Samiti,ଶ୍ରୀ ମହାବୀର ନ୍ୟାସ ସମିତି 
Visits,ଦର୍ଶନ 
Capital of later dynasties,ପରବର୍ତୀ ବଂଶ ମାନଙ୍କ ରାଜଧାନୀ 
Capital of the Maurya Empire,ମୌର୍ଯ୍ୟ ସାମ୍ଭ୍ରାଜ୍ୟ ର ରାଜଧାନୀ 
Excavated sites of Pataliputra,ପାଟଳିପୁତ୍ର ଅଞ୍ଚଳ ର ଖନନ 
Pataliputra,ପାଟଳିପୁତ୍ର
Ganesh Temple,ଗଣେଶ ମନ୍ଦିର 
Hathiya Pol and Elephant Gate,ହଥୀୟା ପୋଲ ଓ ହାତୀ ଗେଟ 
The Hanging House,ଝୁଲା ଭବନ 
The imposing ramparts,ଦୁର୍ଗ ର ବିଶାଳ ଆକୃତି 
Rohtasgarh Fort,ରୋହତାସଗଡ ଦୁର୍ଗ
The Stupa,ସ୍ତୂପ 
Buddhist legends,ଇତିହାସ ଓ ବୌଦ୍ଧ କୀର୍ତି 
Kesaria Stupa,କେସାରିଆ ସ୍ତୂପ 
Viraat Ramayan Mandir,ବିରାଟ ରାମାୟଣ  ମନ୍ଦିର 
Kesaria,କେସାରିଆ
Reaching at the temple,ଗମନାଗମନ 
Thawewali Maa,ଥାୱେୱାଲି ମାଁ 
Inner view of Thawe Mandir,ଥାୱେ ମନ୍ଦିର ଅଭ୍ୟନ୍ତର 
Thawe mandir view,ଥାୱେ ମନ୍ଦିର ବାହାର ଦୃଶ୍ୟ 
In popular culture,ସ୍ମୃତି ତର୍ପଣ 
Planning and Significance,ପ୍ଲାନିଂ ଓ ତାପର୍ଜ୍ୟ
Traffic Congestion,ଟ୍ରାଫିକ ଗହଳି 
Collections,ସଂଗ୍ରହ ସବୁ 
Jalan Museum,ଜଲାନ ମିଉଜିଅମ
Government and politics,ଶାସନ 
The stupa and the script,ସ୍ତୂପ ଓ ସିଲାଲେଖ 
Tourism developments,ପର୍ଯ୍ୟଟନ ଉନ୍ନୟନ 
Talakona,ତଳକୋଣ ଜଳପ୍ରପାତ 
Simhachalam Temple,ସିଙ୍ଘାଚଳମ ମନ୍ଦିର 
Goddess legend,ଦେବୀ କିମ୍ବଦନ୍ତୀ 
Durga Temple-Vijayawada,ବିଜଯୱାଡା ଦୁର୍ଗ ମନ୍ଦିର 
Image Gallery,ଗେଲେରୀ 
Suryalanka Beach,ସୂର୍ଯ୍ୟକାନ୍ତ ବେଳାଭୂମି
Ranji Trophy Cricket,ରଣଜୀ ଟ୍ରଫି 
Baba Dhansar,ବାବା  ଧନସାର 
Religious significance,ଧାର୍ମିକ ତାପ୍ତର୍ଜ୍ୟ
Gosaikunda,ଗୋସାଇକୁଣ୍ଡ
Pilgrimage center,ତୀର୍ଥ ଯାତ୍ରୀ କେନ୍ଦ୍ର 
Aalandi laxmi narayan mandir,ଆଳନ୍ଦି ଲକ୍ଷ୍ମୀ ନାରାୟଣ ମନ୍ଦିର 
Basistha Ashram,ବଶିଷ୍ଠ ଆଶ୍ରମ ଓ ମନ୍ଦିର 
Basistha Temple,ବଶିଷ୍ଠ ମନ୍ଦିର 
Devdeveshwar Temple,ଦେବାଦେବେଶ୍ଵର ମନ୍ଦିର 
Official Website,ଅଫିସିଆଲ ୱେବ ସାଇଟ 
Development,ଉନ୍ନୟନ 
"Nature, flora and fauna",ପ୍ରକୃତି 
Pancha Bhootam,ପଞ୍ଚ ଭୂତମ 
The Five Temples,ପଞ୍ଚ ମନ୍ଦିର 
Religious importance,ଧାର୍ମିକ ଗୁରୁତ୍ଵ 
Sub-Shrines,ଉପ ମନ୍ଦିର 
Tourism attractions,ପର୍ଯ୍ୟଟକ ଆକର୍ଷଣ 
Other external links,ବାହ୍ୟ ସଂଯୋଗ 
Musi River,ମୂଷି ନଦୀ 
Ananthagiri Hills,ଅନନ୍ଥଗିରି ପର୍ବତସମୂହ 
Construction and architecture,ନିର୍ମାଣ ଓ ଶୈଳୀ 
Specialty,ସ୍ଵତନ୍ତ୍ରତା 
Shahi Jamia Mosque,ଶାହି ଜାମିଆ ମସ୍ଜିଦ
Also visit,ପୁନଶ୍ଚ ଦେଖନ୍ତୁ 
Galageshwar temple,ଗଲଗେଶ୍ଵର ମନ୍ଦିର 
Inscriptions,ଶିଳା ଲେଖ 
Galaganatha,ଗଲଗନାଥ 
Jain temple at the fort,ଦୁର୍ଗ ରେ ଥିବା ଜୈନ ମନ୍ଦିର 
Tarakeshwara Temple,ତାରକେଶ୍ଵରୀ ମନ୍ଦିର 
Golden age,ସୁବର୍ଣ ଯୁଗ 
Kedaresvara temple,କେଦାରେଶ୍ବର ମନ୍ଦିର 
History of Akki Alur,ଇତିହାସ 
Akki Alur,ଅକ୍କି ଆଲୁର
Hindustani music and Kundgol,ହିନ୍ଦୁସ୍ଥାନୀ ସଂଗୀତ ଓ କୁଣ୍ଡଗୋଳ 
Introduction,ପରିଚୟ 
Shambhulinga Temple[5][6][7],ଶମ୍ଭୁଲିଙ୍ଗ ମନ୍ଦିର  [5][6][7]
"Kaitabheshvara Temple, Kubatur",କୈତଭେଶ୍ଵର ମନ୍ଦିର
Five Unique Temples of Dilwara,ଦିଲୱାରାର 5 ଟି ମନ୍ଦିର 
Dilwara Temples,ଦିଲୱାରା ମନ୍ଦିର 
The Mukteshwar Temple,ମୁକ୍ତେଶ୍ଵର ମନ୍ଦିର 
Chaudayyadanapura,ଚଉଦୟଦାନପୁର
Bankapur Fort,ବଙ୍କାପୁର ଦୁର୍ଗ 
Nagareshwar temple,ନାଗରେଶ୍ଵର ମନ୍ଦିର 
The peacock sanctuary,ମୟୁର ଅଭୟାରଣ୍ୟ 
Bicholim Industrial Estate,ବିଚୋଲିମ ଶିଳ୍ପାଞ୍ଚଳ 
Jainism,ଜୈନ ଧର୍ମ 
Mayem Lake,ମଏମ ହ୍ରଦ 
Annual Celebrations,ସଂସ୍କୃତି 
Connectivity,ଯୋଗାଯୋଗ 
Geography and Climate,ଭୌଗୋଳିକ ସ୍ଥିତ 
Nongpoh,ନଙ୍ଗପୋ
Ecological Effect,ପ୍ରକୃତି 
Tourist Destination,ପର୍ଯ୍ୟଟକ ଆକର୍ଷଣ 
Toxic Threat and Silting,ବିପତ୍ତି
2014 suicide attack,2014 ଆତ୍ମଘାତି ଆକ୍ରମଣ 
2016 Indo-Pakistani tensions,2016 ଭାରତ-ପାକିସ୍ଥାନ ଉତ୍ତେଜନା 
Efforts,ପରବର୍ତୀ ଉଦ୍ୟମ 
Library Museum,ଲାଇବ୍ରେରୀ ମିଉଜିଆମ 
Saraswathi Mahal Library,ସରସ୍ଵତୀ  ମହଲ ଲାଇବ୍ରେରୀ
Classification,ଶ୍ରେଣୀବିଭାଗ 
Writing System,ଲିଖନ ଶୈଳୀ 
Ganjami Odia,ଗଞ୍ଜାମୀ ଓଡିଆ
Ashwamedha Yagna,ଅଶ୍ଵମେଧ ଯଜ୍ଞ
Birth & Childhood,ଜନ୍ମ ଓ ବାଲ୍ୟାବସ୍ଥା 
Later History,ପରବର୍ତୀ ଇତିହାସ 
Modern use,ଆଧୁନିକ ବ୍ୟବହାର 
The Ramayana,ରାମାୟଣ 
Later additions and influences,ପରବର୍ତୀ ସଂଯୋଗ ଓ ପ୍ରଭାବ 
About the epic,ପୁସ୍ତକ ବିଷୟ ରେ 
Modifications to the story,ମୂଳ କାହାଣୀ ର ପରିବର୍ତନ 
The fire-ordeal episode,ସିତା ଙ୍କ ଅଗ୍ନି ପ୍ରବେଶ କାହାଣୀ 
Theme,ବିଷୟବସ୍ତୁ 
Rama fighting Lava and Kusha,ଲବ ଓ କୁଶ କୁ ଯୁଦ୍ଧ ବିଦ୍ୟା ଶିଖାଉଥିବା ରାମ 
Sampati Loses his wings,  ସମ୍ପତି ଙ୍କ ପକ୍ଷ ହରଣ 
Sampati in Ramayana,ରାମାୟଣ ରେ ସମ୍ପତି 
History of Jatayu,ଜଟାୟୁ ଙ୍କ ଇତିହାସ 
Places related to Jatayu,""" ଜଟାୟୁ "" ସମ୍ପର୍କିତ ସ୍ଥଳ ସବୁ "
Exile of his wife,ପତ୍ନୀ ଙ୍କ ଦେଶାନ୍ତର 
Promise made by Dasharatha,ଦଶରଥ ଙ୍କ ପ୍ରତିଶ୍ରୁତି 
Devotion towards his Parents,ପିତାମାତା ଙ୍କ ପ୍ରତି ନିବିଡ ଅନୁରକ୍ତି 
Sarvan Village,ଶ୍ରବଣ ଗ୍ରାମ 
Dedication to Vishnu,ଭଗବାନ ବିଷ୍ଣୁ ଙ୍କୁ ସମର୍ପଣ 
Immolation and death,ଆତ୍ମଦାହ 
Ancient history and myths,ପ୍ରାଚୀନ ଇତିହାସ  
See more,ପୁନଶ୍ଚ ଦେଖଣା
Metres used in the epic,ମହାକାବ୍ୟ ରେ ବ୍ଯବହ୍ରୁତ ମେତ୍ରେ ସମୂହ 
External links to the text,ବାହ୍ୟ ସଂଯୋଗ ସବୁ 
Nikumbha,ନିକୁମ୍ଭ  ( ପୌରଣିକ ଚରିତ୍ର )
Bijayagadh inscription,ବିଜୟଗଡ ସିଲାଲେଖ
Kaptai Lake,କପଟାଇ ହ୍ରଦ
Boat in Meghna River,ମେଘନା ନଦୀ ରେ ନୌକା
Mujibnagar,ମୁଜିବ  ନଗର
Points of interest,ଦର୍ଶନୀୟ ସ୍ଥଳ 
The Silk City,ଶିଳ୍କ ସହର 
Rajshahi District,ରାଜସାହୀ ଜିଲ୍ଲା 
Writings,ଲେଖାବଳି 
Damodar Valley,ଦାମୋଦର ଉପତ୍ୟକା 
River of Sorrows,ଦୁଖ ର ନଦୀ 
Related Mythology,ପୁରାଣ ସମ୍ପର୍କ 
Battle of Sylhet,ଶିଳହଟ୍ ଯୁଦ୍ଧ
List of Expressways,  ଏକ୍ସପ୍ରେସୱେ ସମୂହ 
Photos,ଗେଲେରୀ 
Under construction or planning,ନିର୍ମାଣାଧୀନ  
Benefits,ଲାଭ ସମୂହ 
Salient Features,ବୈଶିଷ୍ୟ
National Highway 12 (India),ଜାତୀୟ ରାଜପଥ 12 ( ଭାରତ )
Other tourist trains in India,ଭାରତୀୟ ଟୁରିଷ୍ଟ ଟ୍ରେନ ସବୁ 
Trains,ଟ୍ରେନ 
Tunnels,ଟନେଲ 
"Kaliya Daman, c. 1880.",1880 ମସିହା ଅଙ୍କନ ରେ କାଳିୟ ନାଗ .
Kaliya,କାଳିୟ ଦଳନ
"Banka, Bihar","ବାଙ୍କା , ବିହାର "
20 Km. far from Ara city.,ଜଗଦିଷ୍ପୂର ର ଭୌଗୋଳିକ ଅବସ୍ଥିତି °28′N 84°25′E ଠାରେ । ଏହା ସମୁଦ୍ର ପତ୍ତନ ଠାରୁ   174 ଫୁଟ ଉପରେ ରହିଛି ।ଏହା ଅରା ସହର ଠାରୁ 20 କିଲୋମିଟର ଦୁରବର୍ତୀ । 
Bhadkal Gate,ଭଡକାଲ୍ ଗେଟ
Aim,ଲକ୍ଷ୍ୟ 
State Schemes,ରାଜ୍ୟ ଯୋଜନା 
Publication history,ପ୍ରକାଶନ 
Important destinations,ମୁଖ୍ୟ ଯାତାୟାତ ସ୍ଥଳୀ 
Major connections,ମୁଖ୍ୟ ସଂଯୋଗ 
Widening and Concretization,ବିସ୍ତାର କାରଣ 
Sion Panvel Highway,ସିଅନ-ପାନଭେଲ ଏକ୍ସପ୍ରେସୱେ
Panipat Elevated Expressway,ପାନିପତ୍ ଉତ୍ଥିତ ଏକ୍ସପ୍ରେସୱେ
After cricket,ଅବସର ପରେ 
The project,ପ୍ରକଳ୍ପ 
Elevated Road,ଉତ୍ଥିତ ରାସ୍ତା 
Phase I,ପ୍ରଥମ ପର୍ଯ୍ୟାୟ 
Phase II,ଦ୍ଵିତୀୟ ପର୍ଯ୍ୟାୟ 
Phases,ପର୍ଯ୍ୟାୟ 
Bamroli Althan Expressway,ବାମରୋଲି ଆଲଥାନ ଏକ୍ସପ୍ରେସୱେ
Religious Sites,ଧାର୍ମିକ ସ୍ଥଳ 
Rivers of Jaunpur,  ଜୌନପୁର ର ନଦୀ 
"Jaunpur, Uttar Pradesh","ଜୌନପୁର, ଉତ୍ତରପ୍ରଦେଶ "
Jaunpur Atala Masjid.,ଜୌନପୁର ଆଟଲା ମସଜିଦ 
Jaunpur Jama Masjid,ଜୌନପୁର ଜାମା ମସଜିଦ 
Medical College,ଡାକ୍ତରୀ କଲେଜ 
"Government Airstrip, Akbarpur",ସରକାରୀ ବିମାନ ଅବତରଣ କେନ୍ଦ୍ର 
Akbarpur Junction,ଆକବରପୁର ରେଳ ଜଙ୍କସନ 
Tanda track,ତାଣ୍ଡା ଟ୍ରାକ 
Jaipur Elevated Road,ଜୟପୁର ଉତ୍ଥିତ ରାଜପଥ
Podanur,ପୋଡାନ୍ନୁର
Major towns connected by RRR,ଏହି ରାସ୍ତା ଦ୍ଵାରା ସଂଯୁକ୍ତ ହେଇଥିବା ମୁଖ୍ୟ ସହର ସବୁ 
Progress, ପ୍ରଗତି 
North America,ଉତ୍ତର ଆମେରିକା ରେ 
South America,ଦକ୍ଷିଣ ଆମେରିକା ରେ 
Content,ଲେଖନ ବିଷୟବସ୍ତୁ 
Canggal inscription,କାଂଗଳ ଶିଳାଲେଖ
The Killing,ହତ୍ୟା 
Protests and Legal Action,ପ୍ରତିବାଦ ଓ ଆଇନ ଗତ  ପଦକ୍ଷେପ 
Apology by the RSPCA,ଆରଏସପିସିଏ ଦ୍ଵାରା କ୍ଷ୍ୟମା ପ୍ରାର୍ଥନା 
"Kalibari Mandir, Peshawar","କାଳିବାରି ମନ୍ଦିର , ପେଶାୱାର "
Deity,ଆରାଧ୍ୟ ଦେବତା 
Importance,ତାପର୍ଜୀ
Hindu temple,ହିନ୍ଦୁ ମନ୍ଦିର 
Mention in literature,ସାହିତ୍ୟ ରେ ତିଲ୍ଲା ଯୋଗିଆ
Tilla Jogian temple complex,ତିଲ୍ଲା ଯୋଗିଆ ମନ୍ଦିର ପରିସର 
Tilla Jogian,ତିଲ୍ଲା ଯୋଗିଆ
Madangopal Jiu Temple,ମଦନଗୋପାଳ  ଜିଊ ମନ୍ଦିର
External references,ବାହ୍ୟ ସଂଯୋଗ 
"Udayagiri, Andhra Pradesh","ଉଦୟଗିରି, ଆନ୍ଧ୍ରପ୍ରଦେଶ"
Soreng,ସୋରେଙ୍ଗ
New Sikkim Railway Project,ରେଳ ସଂଯୋଗ 
Majitar,ମାଜିଟର
Rakai Pikatan,ରକାଇ  ପିକ୍ତାନ 
Trekking and access,ଟ୍ରେକିଙ୍ଗ ଓ ଗମନାଗମନ 
Sojiwan,ସୋଜୀୱାନ 
Temples and history,ମନ୍ଦିର ଓ ଇତିହାସ 
How to reach,ଗମନାଗମନ 
Karnaprayag,କର୍ଣପ୍ରୟାଗ
Places nearby,ନିକଟସ୍ଥ ସ୍ଥଳୀ 
Hanuman Chatti,ହନୁମାନ ଚଟଟି 
Neglect,ଅବହେଳା 
"Rajpur, Balrampur","ରାଜପୁର ,ବଳରାମପୁର"
Avifauna,ପକ୍ଷୀ ସମୂହ 
Geographical situation,ଭୌଗୋଳିକ ଅବସ୍ଥିତି 
Tibetan community,ତିବବତୀୟ ସଂପ୍ରଦାଯ 
Famous locations,ମୁଖ୍ୟ ସ୍ଥାନ ସବୁ 
Dehradun Cantonment,ଡେହେରାଦୁନ କାଣ୍ଟନମେଣ୍ଟ
Nearby Places of interest,ଦର୍ଶନୀୟ ସ୍ଥଳ ସବୁ 
Virbhadra,ବିରଭଦ୍ର 
Tibetan Children's Home,ତିବତୀୟ ଶିଶୁ ଭବନ 
Constituent villages,ସମ୍ମିଳିତ ଗ୍ରାମ ସବୁ 
Kumarghat,କୁମାରଘାଟ 
"Amarpur, Tripura","ଅମରପୁର, ତ୍ରିପୁରା "
Attractions in Udaipur,ପର୍ଯ୍ୟଟକ ଆକର୍ଷଣ 
Image gallery,ଗେଲେରୀ 
Gelephu Airport,ଗେଲେଫୁ ବିମାନ ବନ୍ଦର 
Environment,ଜଳବାଯୁ 
Baba Umer Dargah,ବାବା ଉମର ଦରଗାହ
Temples of Bhavani,ଭବାନୀ ଙ୍କ ମନ୍ଦିର 
Language characteristics,ଭାଷା ର ଗୁଣ 
Linguistic features,ଭାଷା ବୈଶିଷ୍ଟ
Phonology,ସ୍ଵରତନ୍ତ୍ର 
Kota language (India),କୋଟା ଭାଷା ( ଭାରତ)
Great Quotes,ଜ୍ଞାନେଶ୍ଵରୀ ର କିଛି ଉଦ୍ଦ୍ରୁତି 
Importance of work,କାର୍ଯ୍ୟ ର ମୂଲ୍ୟବୋଧ 
Dnyaneshwari,ଜ୍ଞାନେଶ୍ଵରୀ
Successors of Brihadhartha,ବୃହଦ୍ରଥ ଙ୍କ ଉତ୍ତରାଧିକାରୀ 
Jain tradition,ଜୈନ ପରମ୍ପରା 
Marriage alliances,ବୈବାହିକ ସମ୍ବନ୍ଧ 
Reign,ରାଜୁତି 
Defeat and death,ପରାଜୟ ଓ ମୃତ୍ୟୁ 
The Nanda Army,ନନ୍ଦ ସେନାବାହିନୀ 
Visiting season,ପର୍ଯ୍ୟଟନ କାଳ 
Tourist spots,ପର୍ଯ୍ୟଟନ ସ୍ଥଳୀ 
History of the temple,ଇତିହାସ 
Yadagirigutta Temple,ୟଦାଗିରିଗୁଟ୍ଟା ମନ୍ଦିର
National protected area,ଜାତୀୟ ସଂରକ୍ଷିତ ଅଞ୍ଚଳ 
Betla National Park,ବେତଳା j
Location in Jharkhand,ଅବସ୍ଥିତି 
Naxalite influence,ନକ୍ସଲ ଉପଦ୍ରବ 
According to 2011 census,2011 ଜନଗଣନା ଅନୁସାରେ ଏଠାରେ ଜନସଂଖ୍ୟା ଏହିପରିଥିଲା । 
Panki block,ପାଙ୍କି ବ୍ଲକ
Language,ଭାଷା 
"Bundu, India","ବୁନ୍ଦୁ, ଭାରତ "
"Tati, Ranchi","ତାଟି , ରାଁଚୀ "
Ormanjhi,ଅର୍ମାଞ୍ଝି 
Hospitals,ହସପିଟାଲ 
Hutup,ହୁଟୁପ
Bhumijes in West Bengal,ପଶ୍ଚିମ ବଙ୍ଗ ର ଭୂମିଜ 
History and origin,ଇତିହାସ 
Present circumstances,ବର୍ତମାନ ସ୍ଥିତି 
Kesaibahal,କେଶଈବାହାଲ
The village pond,ଗ୍ରାମ ପୁଷ୍କରିଣୀ 
Butterflies,ପ୍ରଜାପତି 
Reptiles,ସରୀସୃପ 
Geographical distribution,ଭୌଗୋଳିକ ବଣ୍ଟନ 
Mata Gujri,ମାତା ଗୁଜରି
Mango (Jamshedpur),ମାଙ୍ଗୋ( ଜାମସେଦପୁର ) 
Mariam Vattalil,ମାରିଆମ ଭଟ୍ଟାଳିଳ 
Monuments,ସ୍ଥପତ୍ୟ 
Chitharal Jain Monuments,ଚିଥ୍ରାରାଳ ଜୈନ ମନ୍ଦିର
Importance of Paravur Lake,ପ୍ରାରାଭୁର ହ୍ରଦ ର ତାପ୍ତର୍ଜୀ
Importance of Nedungolam,ନେଦୁଙ୍ଗୋଲମ ର ବଇଶିଷ୍ଟ 
Nedungolam,ନେଦୁଙ୍ଗୋଲମ 
Passenger Trains,ପାସେଞ୍ଜର t
Express Trains,ଏକ୍ସପ୍ରେସ tre
2016 fire,2016 ଅଗ୍ନି ବିପତ୍ତି 
Karakal (Territories),ମନ୍ଦିର ର 15 ଟି କାରାକାଳ ( ଆଞ୍ଚଳିକ ) 
Other festivals,ଅନ୍ୟ ଯାତ୍ରା 
Padanilam Sivarathri,ପଦାନିଲମ୍ ଶିବରାତ୍ରି 
Temple Specialities,ମନ୍ଦିର ବୈଶିଷ୍ଟ 
Padanilam Parabrahma Temple,ପଦାନିଲମ୍ ପାରବ୍ରହ୍ମା ମନ୍ଦିର
Literary Works,ସାହିତ୍ଯ କୃତି 
Marriage,ବିବାହ 
English Translation,ଇଂରାଜୀ ଅନୁବାଦ 
Details of Pasurams,ପଶୁରାମ ଙ୍କ ବିଶେଷ ବିବରଣୀ 
Naalayira Divya Prabhandham,ନାଲାୟିରା ଦିବ୍ୟ ପ୍ରବନ୍ଧମ
Barlamunda,ବାର୍ଲାମୁଣ୍ଡା
Chiladangari,ଚିଲାଡଙ୍ଗରୀ
Karanjkot,କରଞ୍ଜିକୋଟ
summer view,"ଖରା ଦିନ ର ଦୃଶ୍ୟ , ସିର୍ଜା ପାଳି "
Sirjapali,ଶିର୍ଜାପାଳି
Nilakantheswar Mahavidyalaya,"ନୀଳକଣ୍ଠେଶ୍ଵର ମହାବିଦ୍ୟାଳୟ, ବଲଣ୍ଡା, ତାଳଚେର"
Foundation,ପ୍ରତିଷ୍ଠା 
"Vikram Dev College, Jeypore","ବିକ୍ରମଦେବ ସ୍ୱୟଂଶାସିତ ମହାବିଦ୍ୟାଳୟ, ଜୟପୁର"
Fire incident,ଅଗ୍ନି ଦୁର୍ଘଟଣା 
Hospital,ହସ୍ପିଟାଲ 
Medical college,ମେଡିକାଲ କଲେଜ 
Welcome to Chamundi Hills,ଚାମୁଣ୍ଡି ପାହାଡ କୁ ରାସ୍ତା 
Demon Mahishasura,ମହିଷାସୁର ଅସୁର 
Chamundeshwari Temple,ଚାମୁଣ୍ଡେଶ୍ବରୀ ମନ୍ଦିର 
Eklingji,ଏକଳିଙ୍ଗଜୀ ମନ୍ଦିର
Ketakeshwar Dewal,"କେତକେଶ୍ଵର ଦେଉଳ  , ତେଜପୁର"
The name Tamresari,ନାମକରଣ
"Mahamaya Temple, Dhubri",ଧୁବରୀ ମହାମାୟା ମନ୍ଦିର 
Fort Temple,ଦୁର୍ଗ ମନ୍ଦିର 
Important Festivals,ମୁଖ୍ୟ ପର୍ବ ସମୂହ 
Navratri,ନବରାତ୍ର 
Shiv-Vivah,ଶିବ  ବବାହ 
Shivratri,ଶିବରାତ୍ରି 
Aami Mandir,"ଆମି ମନ୍ଦିର, ବିହାର "
Baithakji Hajipur,"ବୈଠକିଜୀ, ହାଜିପୁର"
Significance of a Sangat,ସଙ୍ଗତ ର ତାପ୍ତର୍ଜ୍ୟ
What is a Sangat?,ସଙ୍ଗତ କଣ ? 
Shakti Peetha,ଶକ୍ତି ପୀଠ 
Maa Tara Chandi Temple,ମାଁ ତାରା ଚଣ୍ଡୀ ମନ୍ଦିର
King Karna,ରାଜା କର୍ଣ
Khudneshwar Asthan Morwa,"ଖୁଦନେଶ୍ବର ଆସ୍ଥାନ, ମୋରୱା "
Lal Keshwar Shiv Temple,ଲାଲ କେଶ୍ଵର ଶିବ ମନ୍ଦିର
Kudargarh,କୁଣ୍ଡେରଗଡ 
Sthaneshwar Mahadev Mandir,ସ୍ଥାନେଶ୍ବର ମହାଦେବ ମନ୍ଦିର
About the deity,ଆରାଧ୍ୟ ଦେବତା 
Mandodari Temple,ମନ୍ଦୋଦରୀ ମନ୍ଦିର
"Mandodari Temple, Betki","ମନ୍ଦୋଦରୀ ମନ୍ଦିର, ବେଟକୀ "
"Bhavnath Temple, Mau","ଭାବନାଥ ମନ୍ଦିର , ମଊ"
Following, ଅନୁଗତ ପ୍ରଥା 
History and description,ଇତିହାସ 
Pindara Temple,ପିଣ୍ଡାରା  ମନ୍ଦିର
Sannihit Sarovar,ସନ୍ନିହିତ ସରୋବର
Legends,କିମ୍ବଦନ୍ତୀ 
Agroha Vikas Trust,ଅଗ୍ରୋହ ବିକାଶ ଟ୍ରଷ୍ଟ 
Agroha Dham,ଅଗ୍ରୋହ ଧାମ
Alvin Kallicharran,ଆଲ୍ଭିନ  କାଲିଚରଣ
Major cities on/off NH 19,ଜାତୀୟ ରାଜପଥ ରେ ରହିଥିବା / ନିକଟରେ ଥିବା ମୁଖ୍ୟ ସହର ସମୂହ 
National Highway 19 (India),ଜାତୀୟ ରାଜପଥ 19 (ଭାରତ )
Delhi Noida Direct Flyway,ଦିଲ୍ଲୀ - ନୋଇଡା ଫ୍ଲାଇ ୱେ 
National Highway 1,ଜାତୀୟ ରାଜପଥ 1 
National Highway 2,ଜାତୀୟ ରାଜପଥ 2 
Highways passing from Delhi,ଦିଲ୍ଲୀ ଦେଇ ଯାଇଥିବା ରାଜପଥ ସମୂହ 
National Highway 8,ଜାତୀୟ ରାଜପଥ 8 
National Highway 10,ଜାତୀୟ ରାଜପଥ 10 
National Highway 24,ଜାତୀୟ ରାଜପଥ 24 
Men's cricket,ପୁରୁଷ କ୍ରିକେଟ ( ନୋଟ )
Test match captains,ଟେଷ୍ଟ ମେଚ ଅଧିନାଯକ ସମୂହ 
Women's cricket,ମହିଳା କ୍ରିକେଟ 
Youth cricket,ଯୁବ କ୍ରିକେଟ 
Rishabh Pant,ରିଷଭ ପନ୍ତ
Commemoration,ସମ୍ମାନ 
Narrative,ଭ୍ରମଣ ବର୍ଣନା 
Travels of Marco Polo,ମାର୍କୋ ପୋଲୋ ଙ୍କ ଭ୍ରମଣ 
Map of Marco Polo's travels,ମରକୋ ପୋଲୋ ଙ୍କ ଭ୍ରମଣ ମାନଚିତ୍ର 
A miniature from Il Milione.,ମିଲୋନେII ର ଏକ  ଅଙ୍କିତ ଚିତ୍ର .
Myth,କିମ୍ବଦନ୍ତୀ 
Mahabhairav Temple,ମହାଭୈରବ ମନ୍ଦିର 
Special Feature,ସ୍ଵତନ୍ତ୍ରତା 
Chakreshvari Siva Temple,"ଚକ୍ରେଶ୍ଵରୀ ଶିବ ମନ୍ଦିର , ଭୁବନେଶ୍ବର"
Detail of a gopuram at Chennai,ଚେନ୍ନଇ ଠାରେ ମନ୍ଦିର ର ଗୋପୁରମ ରେ ଥିବା ସ୍ଥପତ୍ୟ କଳା 
Approach,ଅବସ୍ଥିତି 
Surrounding,ଅବସ୍ଥିତି 
Tradition & legends,ପ୍ରବାଦ 
Bata Mahadeva,"ବାଟ ମହାଦେବ , ଭୁବନେଶ୍ବର"
Shopping Malls,ଶପିଙ୍ଗ ମଲ 
Shivaji Place,ଶିବାଜୀ ପ୍ଲେସ
Exits,ନିର୍ଗମ ରାସ୍ତା ସମୂହ 
Autobiographical elements,ଆତ୍ମଜୀବନୀ ମୂଳକ ଚରିତ୍ର 
Characters, ଚରିତ୍ର ଚିତ୍ରଣ 
Early years,ପ୍ରାରମ୍ଭିକ ଜୀବନ 
Farewell readings,ବିଦାୟକାଳୀନ ବକୃତା 
Influence and legacy,ପରବର୍ତୀ କଳା ରେ ପ୍ରଭାବ 
Journalism and early novels,ସମ୍ବାଦିକତା ଓ ପ୍ରାରମ୍ଭିକ ଉପନ୍ୟାସ ସବୁ 
Last years,ଅନ୍ତିମ ଜୀବନକାଳ 
Literary style,ସାହିତ୍ୟିକ ଶୈଳୀ 
Middle years,ମାଧ୍ୟମ କାଳ 
Notable works,ମୁଖ୍ୟ ସାହିତ୍ୟିକ କୃତି ସମୂହ 
Religious views,ଧାର୍ମିକ ଦୃଷ୍ଟିକୋଣ 
Social commentary,ସାମାଜିକ ବକ୍ତବ୍ୟ 
"Ellen Ternan, 1858",୧୮୫୮ ମସିହା ଅଙ୍କିତ ଚିତ୍ର ରେ ଏଲେନ ତେରନାନ 
At his desk in 1858,୧୮୫୮ ରେ ଡିକେନ୍ସ 
Age of Radhanath,ରାଧାନାଥ ଯୁଗ 
Age of Sarala Yuga,ସାରଳା ଯୁଗ କାଳୀନ 
Age of Upendra Bhanja,ଉପେନ୍ଦ୍ର ଭଞ୍ଜ ଯୁଗ କାଳୀନ 
Children's literature,ଶିଶୁ ସାହିତ୍ୟ
Drama/Plays,ନାଟକ 
Novelists,ଉପନ୍ୟାସକାର 
Popular science,ଜନପ୍ରିୟ ବିଜ୍ଞାନ 
Post Colonial Age,ଉପନିବେଶ ଉପରନ୍ତ ଯୁଗ 
Short Story,କ୍ଷୁଦ୍ର ଗଳ୍ପ 
Women's Writings and Feminism,ମହିଳା ଲେଖିକା  
Amrutesvara temple,ଅମୃତେଶ୍ଵର ମନ୍ଦିର
Cinemas,ସିନେମା ଘର 
Delhi blasts,ଦିଲ୍ଲୀ ବିସ୍ଫୋରଣ 
Films,ଫିଲ୍ମ  ରେ 
National flag at Central Park,କେନ୍ଦ୍ର ପାର୍କ ରେ ଜାତୀୟ ପତାକା 
Picture gallery,ଚିତ୍ର ଗେଲେରୀ 
Redevelopment plans,ପୁନଃ -ଉନ୍ନୟନ ଯୋଜନା ସବୁ 
Schools In Paonta Sahib,"ଏଠାରେ ଯଥେଷ୍ଟ ସଂଖ୍ୟକ ହାଇ ସ୍କୁଲ , ବେସରକାରୀ ଇଂରେଜୀ ମିଡିଆମ ସ୍କୁଲ ଗୁଡିକ ରହିଛି । "
General information,ଇତିହାସ ଓ କିମ୍ବଦନ୍ତୀ 
Areas near Nehru Place,ନେହେରୁ ପ୍ଲେସ ନିକଟସ୍ଥ ଅଞ୍ଚଳ ସମୂହ 
External links--,ବାହ୍ୟ ସଂଯୋଗ 
Location and accessibility,ଅବସ୍ଥିତି ଓ ଯାତାୟାତ 
Other Areas In South Delhi,ଦକ୍ଷିଣ ଦିଲ୍ଲୀ ର ଅନ୍ୟ ଅଞ୍ଚଳ ସବୁ 
Real estate,ସ୍ଥାୟୀ ଭୂସମ୍ପତ୍ତି ଓ ବ୍ୟବସାୟ ପ୍ରତିଷ୍ଠାନ 
Status,ଇତିହାସ
The Open content logo,ଦି ଓପନ କଣ୍ଟେଣ୍ଟ ଲୋଗୋ
The Open Definition,ଦି ଓପନ ଡେଫିନେସନ
Professional councils,ବୃତ୍ତିଗତ ପରିଷଦ 
Insurance Companies Selected,ସମ୍ପୃକ୍ତ ବୀମା କମ୍ପାନୀ ଗୁଡିକ 
Ration cards,ରେସନ କାର୍ଡ 
Trophy,ଟ୍ରଫି 
Results,ଫଳାଫଳ ସମୂହ 
Courses,ପାଠ୍ୟକ୍ରମ 
Details,ବିଶଦ ବର୍ଣନା 
Major events,ମୁଖ୍ୟ ଘଟନା ବଳି 
"Marine Drive, Mumbai","ମାରୀନ୍ ଡ୍ରାଇଭ , ମୁମ୍ବାଇ"
Places to Visit,ଦର୍ଶନୀୟ ସ୍ଥଳ ସବୁ 
Jyotir Math monastery,ଜ୍ୟୋତିର୍ମଠ ଆସ୍ଥାନ ପୀଠ 
Bhavnath Mahadev Temple,ଭାବନାଥ ମହାଦେବ ମନ୍ଦିର 
Girnar Mountain,ଗିରିନାର ପର୍ବତ 
Regional versions,ଆଞ୍ଚଳିକ ଭାଷା ରେ ରାମାୟଣ 
Versions outside India,ଭାରତ ବାହାରେ ରାମାୟଣ 
Contemporary versions,ସମସାମୟିକ ଗଦ୍ୟ ରାମାୟଣ 
Screen,ପରଦା ରେ ଉପସ୍ଥାପିତ ରାମାୟଣ 
Stage,ମଞ୍ଚ ରେ ପ୍ରଦର୍ଶିତ ରାମାୟଣ 
Comic series,କାର୍ତୂନ ଚିତ୍ର ଧାରାବାହିକ ରେ ରାମାୟଣ 
Sanskrit versions,ସଂସ୍କୃତ ରାମାୟଣ ସବୁ 
East Asia,ପୂର୍ବ ଏସିଆ 
West Asia,ପଶ୍ଚିମ ଏସିଆ 
Versions of Ramayana,"ରାମାୟଣ, ଭିନ୍ନ ଭାଷା ଓ ପ୍ରକାରଭେଦ  ରେ"
Work,କାର୍ଯ୍ୟ 
Novels,ଉପନ୍ୟାସ 
Children's book,ଶିଶୁ ସାହିତ୍ୟ 
Non-fiction,ଅଣ କାଳ୍ପନିକ ଲେଖା 
Awards and honours,ପୁରସ୍କାର ଓ ସମ୍ମାନ 
Journalistic career,ପତ୍ରକାର ଜୀବନ 
Selected works,ବଛା ଲେଖା ସବୁ 
Freedom struggle: early days,ସ୍ଵାଧୀନତା ସଂଗ୍ରାମ ରେ ଅଂଶ ଗ୍ରହଣ  : ପ୍ରାରମ୍ଭିକ ସ୍ତର 
Face of Quit India movement,ଭାରତ ଛାଡ ଆନ୍ଦୋଳନ ରେ ଅଗ୍ରଣୀ ଭୂମିକା 
Countdown to Independence,ସ୍ଵାଧୀନତା ର ଅବଗଣନା 
Post-Independence,ସ୍ଵାଧୀନତା ପରବର୍ତୀ କାଳ 
Aruna Asaf Ali,ଅରୁଣା ଆସଫ୍ ଅଲ୍ଲୀ
Post-independence,ସ୍ଵାଧୀନତା ପରବର୍ତୀ କାଳ 
Sucheta Kriplani,ସୁଚେତା କୃପାଲାନି
Sarla Thakral,"ସରଲା ଠକ୍କ୍ରାଲ୍, ପ୍ରଥମ ଭାରତୀୟ ମହିଳା ପାଇଲଟ୍"
Savitribai Phule," ସାବିତ୍ରୀବାଇ ଫୁଲେ, ପ୍ରଥମ ଭାରତୀୟ ମହିଳା ଶିକ୍ଷୟତ୍ରୀ"
Awards and distinctions,ପୁରସ୍କାର ଓ ସମ୍ମାନ 
Swimming career,ସନ୍ତରଣ ଜୀବନୀ 
Karuvaki,କାରୁବାକି
Surekha,"ସୁରେଖା , ଭିଡିଓ ଚିତ୍ରକଳାକାର "
Professional life,କାର୍ଯ୍ୟ ଜୀବନ 
Achievements,କୃତିତ୍ଵ 
Rathika Ramasamy,"ରଥିକା ରାମସାମୀ , ବନ୍ୟପ୍ରାଣୀ ଫୋଟୋଗ୍ରାଫର"
Ketaki Pimpalkhare,କେତକୀ ପିମ୍ପଲଖାରେ
International competitions,ଆନ୍ତର୍ଜାତିକ ପ୍ରଦର୍ଶନ 
Geeta Zutshi,ଗୀତା ଜୁତସୀ
Awards and Honors,ପୁରସ୍କାର ଓ ସମ୍ମାନ 
YouTube,ଇଉ ଟିଉବ ରେ ତାଙ୍କର ଫୋଟୋ ର ଭିଡିଓ ସବୁ 
Early life and background,ପ୍ରାରମ୍ଭିକ ଜୀବନୀ 
Dayanita Singh,"ଦୟନିତା ସିଂହ , ଫୋଟୋଗ୍ରାଫର"
Personal life and other works,ବ୍ୟକ୍ତିଗତ ଜୀବନ ଓ ଅନ୍ୟ ସମାଜସେବା କାର୍ଯ୍ୟ 
Training background,ପ୍ରଶିକ୍ଷଣ ଓ ଖେଳ ଜୀବନ 
Career highlights,ଖେଳ ଜୀବନୀ 
Retirement,ଅବସର ଓ କୋଚିଙ୍ଗ 
Awards and achievements,ପୁରସ୍କାର ଓ ସମ୍ମାନ ସମୂହ 
Harika Dronavalli,ଦ୍ରୋଣାବଳୀ
Movements and ideologies,ଆନ୍ଦୋଳନ ଓ ବିଚାରଧାରା 
Shanti Tigga,ଶାନ୍ତି ଟୀଗା
Anjali Menon,ଅଞ୍ଜଳୀ ମେନନ୍
Kalpana Lajmi,କଲ୍ପନା ଲାଜମି 
Television career,ଟେଲିଭିଜନ କାର୍ଯ୍ୟ 
Swapna Patker as Producer,ଫିଲ୍ମ ନିର୍ମାତ୍ରୀ ସ୍ଵପ୍ନା
Swapna Patker as Hotelier,ସ୍ଵପ୍ନା ଙ୍କ ଅନ୍ୟ ବ୍ୟବସାୟ 
Swapna Patker,ସ୍ଵପ୍ନା ପାଟକର
Dola Banerjee,ଡୋଳା ବାନାର୍ଜୀ
International,ଆନ୍ତର୍ଜାତିକ 
National,ଜାତୀୟ 
Doping,ନିଶା ଔଷଧ ସେବନ 
Singles Finals: 16 (9–7),ସିଙ୍ଗଲ୍ସ ଫାଇନାଲ ଅବଦାନ ୧୬ ( ୯-୭ )
Doubles Finals: 15 (8–7),ଦବାଲ୍ସ ଫାଇନାଲ ଅବଦାନ :୧୫ (୮-୭) 
2013 Wrestling World Cup,2013 ବିଶ୍ଵ କୁସ୍ତି କପ 
2014 Commonwealth Games,2014 କମନୱେୟାଲ୍ଥ ଗେମ 
Pro Wrestling League, ଭାରତ ରେ ହେଇଥିବା ପ୍ରୋ- କୁସ୍ତି ଌଗ ରେ ସେ ବାଙ୍ଗାଲୋର ତରଫ ରୁ ଭାଗ ନେଇଥିଲେ । 
Meena Kumari (sport shooter),ମିନା କୁମାରୀ (ଶୁଟିଙ୍ଗ )
Personal life and family,ବ୍ୟକ୍ତିଗତ ଜୀବନ 
Other titles,ଅନ୍ୟ ଉପାଧି ସବୁ 
Manika Batra,ମାଣିକା ବାତ୍ରା
Other Important Informations,ପୁରସ୍କାର ଓ ସମ୍ମାନ 
Lilima Minz,ଲିଳିମା ମିଞ୍ଜ
Sayali Gokhale,ଶୟାଲୀ ଗୋଖଲେ
ISSF World Medal Tally,ତାଙ୍କର ବିଶ୍ଵ ସ୍ତରୀୟ ପଦକ ତାଲିକା 
Apurvi Chandela,ଅପୁର୍ଭି  ଚନ୍ଦେଲା
Early life and junior career,ପ୍ରାରମ୍ଭିକ ଜୀବନୀ 
Bio,ସଂକ୍ଷିପ୍ତ ଜୀବନୀ 
Ashwini Akkunji,ଅଶ୍ଵିନୀ ଆକୁଞ୍ଜି
Professional athletics career,ପେଷାଦାର କ୍ରୀଡାବିଦ ଜୀବନ 
Olympics,ଅଲିମ୍ପିକ 
Asian games,ଏସୀୟ କ୍ରିଡା ଅବଦାନ 
Manjeet Kaur,ମନଜିତ କୌର
Arjuna Award - 2014[12],ଅର୍ଜୁନ ପୁରସ୍କାର - ୨୦୧୪ [12]
Awards and medals,ପୁରସ୍କାର ଓ ସମ୍ମାନ 
Gobi desert walk,ଗୋବୀ ମରୁଭୁମି ପଦଯାତ୍ରା 
Childhood and early training,ବାଲ୍ୟକାଳ ଓ ଟ୍ରେନିଂ 
2012 Summer Olympics,୨୦୧୨ ଗ୍ରୀଷ୍ମ କାଳୀନ ଅଲିମ୍ପିକ 
Profile,ଜୀବନୀ 
Harwant Kaur,ହରୱନ୍ତ କୌର
Early Life,ପ୍ରାରମ୍ଭିକ ଜୀବନୀ 
Arjuna Award - 2012[14],ଅର୍ଜୁନ ପୁରସ୍କାର - ୨୦୧୨ ରେ  [14]
Bombayla Devi Laishram,ବୋମ୍ବୟଲା ଦେବୀ ଲାଇଶ୍ରାମ 
Purnima Mahato,ପୁର୍ଣିମା ମାହାତୋ
Antara Kak,ଅନ୍ତରା କାକ୍
As Actor,ଅଭିନୟ 
As Director,ନିର୍ଦେଶକ ଭାବରେ 
Notable filmography,ବିଶିଷ୍ଟ ଫିଲ୍ମ  ସମୂହ ( ଅଭିନୟ ) 
Acting,ଅଭିନୟ 
Directing,ନିର୍ଦେଶନା 
Cannes Film Festival,କାନନେସ ଫିଲ୍ମ ଉତଶବ 
Rajni Basumatary,ରଜନୀ ବସୁମାତାରୀ
Bhavna Talwar,ଭାବନା ତଲୱାର୍
As producer,ନିର୍ମାଣ 
For films,ଫିଲ୍ମ 
For TV shows,ଟେଲିଭିଜନ ଶୋ
As writer,ଲେଖକ 
As editor,ସମ୍ପାଦକ 
Malayalam,ମାଳୟାଲାମ 
Tamil,ତାମିଲ 
Director,ନିର୍ଦେଶନ 
Selected filmography,ଫିଲ୍ମୋଗ୍ରାଫି ( ମୁଖ୍ୟ ଫିଲ୍ମ ସବୁ )
Actress,ଅଭିନେତ୍ରୀ ଭାବରେ 
Telugu,ତେଲୁଗୁ 
Assistant Director,ସହ ନିର୍ଦେଶନା 
Story Writer,ଗଳ୍ପ ଲେଖିକା 
Screenplay Writer,ଚିତ୍ର ନାଟ୍ଯ ଲେଖିକା 
Directorial career,ନିର୍ଦେଶିକା ଭାବରେ 
As an Actress,ଅଭିନେତ୍ରୀ   
Reema Kagti,ରିମା କାଗତି 
Revathy S. Varmha,ରେଭଥୀ ଭରମ୍ହା
Early life and family,ବ୍ୟକ୍ତିଗତ ଜୀବନୀ 
Radha Bharadwaj,ରାଧା ଭରଦ୍ଵାଜ
Rajani Rai,ରଜନୀ ରାଏ 
TV shows,ଟିଭି ଶୋ ସମୂହ 
Activism,ସମାଜ ସେବା କାର୍ଯ୍ୟ 
Edited,ସମ୍ପାଦନା 
Anthologized,ରଚନା ବଳି 
Smita Agarwal,ସ୍ମିତା ଅଗରୱାଳ
English,ଇଂରେଜି 
Hindi,ହିନ୍ଦୀ 
Early life and career,ପ୍ରାରମ୍ଭିକ ଜୀବନୀ ଓ କାର୍ଯ୍ୟ ଅବଦାନ 
Mixed Doubles,ମିକ୍ସ ଦବଲ୍ସ ରେ 
Women's Doubles,ମହିଳା ଦବଲ୍ସ ରେ 
Poetry collections,କବିତା ସଂଗ୍ରହ ସବୁ 
Other historical novels,ଅନ୍ୟ ଏଇତିହାସିକ ଉପନ୍ୟାସ ସବୁ 
Fiction,କାଳ୍ପନିକ ଲେଖା 
Ursula Blanchard mysteries,ଉର୍ଷୁଳା ବ୍ଲନଚାର୍ଡ ଡିଟେକ୍ଟିଭ  ଉପନ୍ୟାସ ସବୁ 
Bridges Over Time series,""" Bridges Over Times "" ସିରିଜ ସବୁ "
Norman series,ନର୍ମାନ ସିରିଜ 
British rule,ବ୍ରିଟିଶ ଶାସନ ସମୟ ରେ ଭାରତୀୟ ମହିଳା 
Independent India,ସ୍ଵାଧୀନ ଭରତ ର ମହିଳା 
Timeline,ସମୟ ରେଖା 
Workforce participation,କର୍ମ କ୍ଷେତ୍ର ରେ ମହିଳା 
Land and property rights,ଭୂମି ଓ ସମ୍ପତି ଅଧିକାର 
Crimes against women,ମହିଳା ଙ୍କ ବିରୁଦ୍ଧ ରେ ଅପରାଧିକ କାର୍ଯ୍ୟ 
Acid throwing,ଏସିଡ ଫିଙ୍ଗା 
Child marriage,ବାଳିକା ବିବାହ 
Domestic violence,ଆବାସିକ ହିଂଶା 
Dowry,ଯୌତୁକ ପ୍ରଥା 
Honor killings,ଅନର କିଲିଙ୍ଗ ( ସମ୍ମାନ ପାଇଁ ହତ୍ୟା ) 
Accusations of witchcraft,ଡାହାଣୀ କାର୍ଯ୍ୟ ପାଇଁ ସନ୍ଦେହ 
Rape,ବଳତ୍କାର ଘଟଣା 
Sexual harassment,ଯୌନ ଶୋଷଣ 
Trafficking,ଦେହ ବ୍ୟାପାର 
Women's rights,ମହିଳାଙ୍କ  ଅଧିକାର 
Other concerns,ଅନ୍ୟ ଚିନ୍ତନ ସବୁ 
Social opinions,ସାମାଜିକ ମତାମତ 
Health,ମହିଳା ଙ୍କ ଶ୍ଵାସ୍ୟ
Family planning,ପରିବାର ନିୟୋଜନ 
Women from lower castes,ଦଳିତ ଶ୍ରେଣୀ ର ମହିଳା 
Sex ratios,ଲିଙ୍ଗା ଅନୁପାତ ଭିନ୍ନତା 
Sanitation,ସ୍ବଚ୍ଛ ପରିମଳ ବ୍ୟବସ୍ଥା 
Ancient India,ପ୍ରାଚୀନ ଭାରତ 
Medieval period,ମଧ୍ୟମ କାଳ 
Historical practices,ଏଇତିହାସିକ ପରମ୍ପରା ସବୁ 
Women in Bihar,ବିହାର ର ମହିଳା 
Women in India,ଭାରତୀୟ ମହିଳା 
Rima Kallingal,ରିମା କଳିଙ୍ଗାଲ 
As playwright,ନାଟ୍ୟଲେଖିକା ଭାବରେ 
As Author and Illustrator,ଲେଖିକା ଓ ଚିତ୍ରକର ଭାବରେ 
As Illustrator,ଚିତ୍ରକାର ଭାବେ 
Comic Strips,କମିକ 
Career & Works,କାର୍ଯ୍ୟ ଜୀବନୀ 
Awards and recognitions,ପୁରସ୍କାର ଓ ସ୍ବୀକୃତିପ୍ରାପ୍ତି 
Books and articles,ପୁସ୍ତକ ଓ ଲେଖା 
Pepita Seth taking photograph,ପେପିତା ଚିତ୍ର ଉତ୍ତୋଳନ କରୁଥିବାର ଚିତ୍ର 
Pepita Seth,ପେପିତା ସେଠ୍
Awards and Nominations,ପୁରସ୍କାର ଓ ମନୋନୟନ 
Koshish,କୋଶିସ୍ ଫିଲ୍ମ 
Bosra,ବୋସରା
Variations,ପ୍ରକାରଭେଦ
Video of making an appam,ଆପ୍ପମ ତିଆରି ଭିଡ଼ିଓ ।
Appam,ଆପ୍ପମ
Controversial comments,ବିବାଦୀୟ ମନ୍ତବ୍ୟ 
TensorFlow,ବ୍ୟବହାରକାରୀ:Th3snehasish/ଟେନସରଫ୍ଳୋ
Layal Abboud,ଲୟଲ ଅବବୋଉ
Champakesvara Siva Temple,ଚମ୍ପକେଶ୍ୱର ଶିବ ମ
Raha niche and parsva devatas,ରାହା ଓ ପ
Special features,ବିଶେଷ 
Photos of the temple,ନାଗେଶ୍ୱର ମନ୍ଦିରର ଫଟୋ
"Nagesvara Temple, Bhubaneswar",ନାଗେଶ୍ୱର ମନ୍ଦିର
Preservation status,ସଂରକ୍ଷଣ
Hashtag activism,ହ୍ୟାସଟ୍ୟାଗ ଅଭିଯାନ
Chintamaniswar Tank,ଚିନ୍ତାମଣିଶ୍ୱର ପୋଖରୀ
Nomenclature and etymology,ନାମ
Hagiographical accounts,କିମ୍ବଦନ୍ତୀ ସାହିତ୍ୟ
Major literary works,ସାହିତ୍ୟ
Luipa,ଲୁଇପା 
Nomenclature,ଶବ୍ଦାବଳୀ
The Golden temple complex map,ସ୍ଵର୍ଣ ମନ୍ଦିର ପରିସର ନକ୍ସା
Golden Temple,ସ୍ଵର୍ଣ ମନ୍ଦିର
Kinship Terminology,ସମ୍ବନ୍ଧସୂଚକ ଶବ୍ଦାବଳୀ
Vocabulary,ଶବ୍ଦାବଳୀ
Benedict Cumberbatch,ବେନେଡିକ୍ଟ କମବେରବଟ୍ଚ
Catherine Zeta-Jones,କାଥେରିନେ ଯେଟ-ଜୋନେସ
Bipasha Basu,ବିପାଶା ବାସୁ
R. Madhavan,ଆର୍. ମାଧବନ
Battle of Thermopylae,ଥର୍ମୋପାୟଲି ଯୁଦ୍ଧ
2009 Election Results,୨୦୦୯ ନିର୍ବାଚନ ଫଳାଫଳ
Elected Members,ନିର୍ବାଚିତ ସଦସ୍ୟଗଣ
Reptile,ବ୍ୟବହାରକାରୀ:Gayatree Tripathy/Reptile
Biology,ଜୈବବୈଜ୍ଞାନିକ ତଥ୍ୟ
In human culture,ମନୁଷ୍ୟ ସଂସ୍କୃତିରେ
Toad,କାଠବେଙ୍ଗ
Addition,ମିଶାଣ
Dwayne Johnson,ଡ୍ୱେନ୍ ଜନ୍ସନ୍
Scarlett Johansson,ସ୍କାରଲେଟ୍ ଜୋହାନ୍ସନ୍
Game of Thrones,ସିଂହାସନର ଖେଳ 
Armaan Malik,ଅରମାନ୍ ମଲିକ୍
Arijit Singh, ଅରିଜିତ୍ ସିଙ୍ଗ୍
Movement,ଗତିବିଧି
Women's health,ବ୍ୟବହାରକାରୀ:Soumendrak/ମହିଳା ସ୍ୱାସ୍ଥ୍ୟ
Waterfalls,ଜଳପ୍ରପାତ
Hot springs,ଉଷ୍ମ ପ୍ରସବଣ
Jain monuments,ଜୈନ ଐତିହାସିକ ସ୍ମାରକୀ
Beaches,ସମୁଦ୍ରତଟ
Scenic spots,ପ୍ରାକୃତିକ ସ୍ଥାନ
Sanctuaries,ପ୍ରାଣୀ ସଂରକ୍ଷଣ ସ୍ଥଳୀ
Major attractions,ମୁଖ୍ୟ ଆକର୍ଷଣମାନ
Lakes,ହ୍ରଦ
Buddhist monuments,ବୌଦ୍ଧ ଐତିହାସିକ ସ୍ମାରକୀ
Chilka Lake,ଚିଲିକା ହ୍ରଦ
Udayagiri and Khandagiri Caves,ଉଦୟଗିରି ଏବଂ ଖଣ୍ଡଗିରି ଗୁମ୍ଫା
Chilika Lake,ଚିଲିକା ହ୍ରଦ
Tourism in Odisha,ଓଡିଶାରେ ପର୍ଯ୍ୟଟନ
16th and 17th centuries,ଷୋଡଶ ଏବଂ ସପ୍ତଦଶ ଶତାବ୍ଦୀରେ
Chinese origins,ଚିନୀୟ ଇତିହାସରେ ପଗ୍
18th century to present day,ଶତାବ୍ଦୀରୁ ଆଜି ପର୍ଯ୍ୟନ୍ତ
Pugs at Curlie (based on DMOZ),ଓପନ ଡାଇରେକ୍ଟୋରି ପ୍ରୋଜେକ୍ଟରେ ଥିବା Pugs Dmoz 1 Recreation/Pets/Dogs/Breeds/Toy_Group/Pug 2 Pugs
Pug,ପଗ୍ (କୁକୁର ପ୍ରଜାତି)
The Epics,ମହାକାବ୍ୟମାନଙ୍କରେ
Buddhism,ବୌଦ୍ଧଧର୍ମରେ ଅହିଂସା
Ahimsa,ଅହିଂସା
Mechanism of function,କାର୍ଯ୍ୟକ୍ରମ ପଦ୍ଧତି 
Vaccination,ଟୀକାକରଣ 
Approaches,ଦ୍ରୁଷ୍ଟିକୋଣ 
Translation process,ଅନୁବାଦ ପ୍ରକ୍ରିୟା 
Machine translation,ବ୍ୟବହାରକାରୀ:Soumendrak/ଯାନ୍ତ୍ରିକ ଅନୁବାଦିକରଣ
Kusunda word list (Wiktionary),Kusunda word list (ଉଇକିଅଭିଧାନ)
Machine learning tasks,ମେସିନ ଲର୍ଣିଂ କାମଗୁଡ଼ିକ 
Definition,ସଂଜ୍ଞା
The Swedish era,ସ୍ଵେଡିସ ଯୁଗ 
The tunnels at Suomenlinna,ସୁଓମେନ୍ଲିନା ର ତନେଲ ପଥ  
City map of Suomenlinna,ସୁଓମେନ୍ଲିନା  ର ମାନଚିତ୍ର  
Guns of Suomenlinna,ସୁଓମେନ୍ଲିନା ର ତୋପ ସବୁ  
Suomenlinna,"ସୁଓମେନ୍ଲିନା ଦ୍ଵିପ , ଫିନଲାଣ୍ଡ"
Stock market,ଶେୟାର ବଜାର 
An uncooked rib roast,ଏକ ରନ୍ଧାଯାଇନଥିବା ପଞ୍ଜରା ମାଂସ
Battlefield,ଯୁଦ୍ଧ ପଡ଼ିଆ 
General references,ସାଧାରଣ ଅଧାର
Criticism of the term,ସମାଲୋଚନା
Pool B,ପୁଲ ବି 
First round,ପ୍ରଥମ ରାଉଣ୍ଡ 
Pool D,ପୁଲ ଡି 
Pool C,ପୁଲ ସି 
Pool A,ପୁଲ ଏ 
Acute lymphoblastic leukemia,ବ୍ୟବହାରକାରୀ:Soumendrak/ଆକ୍ୟୁଟ ଲିମ୍ଫୋବ୍ଲାସ୍ଟିକ ଲିଉକେମିଆ
Signs and symptoms,ରୋଗ ଲକ୍ଷଣ 
Leukorrhea,ବ୍ୟବହାରକାରୀ:Soumendrak/ଲିୟୁକୋରିଆ
Depression (mood),ବ୍ୟବହାରକାରୀ:Soumendrak/ଅବସାଦ (ଭାବ)
Alcohol abuse,ବ୍ୟବହାରକାରୀ:Soumendrak/ମଦ ଦୁରୁପଯୋଗ
Trait,ବିଶେଷତା
Test and performance,ପରୀକ୍ଷଣ ଏବଂ  ପ୍ରଦର୍ଶନ 
Choice or decision,ନିଷ୍ପତି କିମ୍ବା ବିକଳ୍ପ 
Symptoms,ଲକ୍ଷଣ 
Types,ପ୍ରକାର 
Anxiety disorders,ଉଦବେଗ ଜନିତ ଅଵ୍ୟଵସ୍ଥା 
Amount of suffering,କଷ୍ଟର ପରିମାଣ 
Positive emotions,ସକାରାତ୍ମକ ଭାବନା 
Role of the community,ସମାଜର ଭୂମିକା 
Other factors,ଅନ୍ୟାନ୍ୟ କାରଣ 
Children,ଶିଶୁ 
Related factors,ଜଣାଶୁଣା କାରକ
Role of the family,ପରିବାରର ଭୂମିକା 
Building,ଗଢ଼ିବା 
Grit,ଧର୍ଯ୍ୟ 
Building in the classroom,ଶ୍ରେଣୀରେ ଗଢ଼ିବା 
Natural disasters,ପ୍ରାକୃତିକ ବିପର୍ଯ୍ୟାୟ 
Families in poverty,ଗରିବତାରେ ଥିବା ପରିବାର 
Bullying,ଧମକେଇବା 
Process,ପ୍ରକ୍ରିୟା 
Psychological resilience,ବ୍ୟବହାରକାରୀ:Soumendrak/ମାନସିକ ଦୃଢ଼ତା
Eligibility,ଖାତା ଖୋଲିବାର ଯୋଗ୍ୟତା
Interest rates,ସୁଧ ହାର
Duration of scheme,ଯୋଜନଟିର ସମୟସୀମା
PPF maturity options,ଯୋଜନଟିର ପରିପକ୍ଵତା ପରେ
Non resident Indians,ପ୍ରବାସୀ ଭାରତୀୟ
PPF tax concessions,ଟିକସ ରିହାତି
Investment and returns,ନିବେଶ ଏବଂ ଲାଭ
Who can join,ଖାତା ଖୋଲିବାର ଯୋଗ୍ୟତା
Subscriber base,ହିତାଧିକାରୀ
Opening an account,ଖାତା କିପରି ଖୋଲିବେ
Online process via eNPS,ଅନଲାଇନ ପ୍ରକ୍ରିୟା
Offline process,ଅଫଲାଇନ ପ୍ରକ୍ରିୟା
Withdrawal,ଟଙ୍କା ବାହାର କରିବା
Tax benefits,ଟିକସରେ ସୁବିଧା
Administrative divisions,ପ୍ରଶାସନିକ ବିଭାଗ
Make in India,ମେକ ଇନ ଇଣ୍ଡିଆ
Events,ଘଟଣାବଳୀ
Make in Odisha conclave 2016,ମେକ ଇନ ଓଡ଼ିଶା ସମ୍ମିଳନୀ ୨୦୧୬
Make in Odisha conclave 2018,ମେକ ଇନ ଓଡ଼ିଶା ସମ୍ମିଳନୀ ୨୦୧୮
Foreign Honours,ବୈଦେଶିକ ସମ୍ମାନ
Key to the City,ସହର ହିସାବରେ ସମ୍ମାନ
